-- MySQL dump 10.13  Distrib 8.0.43, for macos15.4 (arm64)
--
-- Host: db-3380.cb0i6wg04k1f.us-east-2.rds.amazonaws.com    Database: project
-- ------------------------------------------------------
-- Server version	8.0.42

/*!40101 SET @OLD_CHARACTER_SET_CLIENT=@@CHARACTER_SET_CLIENT */;
/*!40101 SET @OLD_CHARACTER_SET_RESULTS=@@CHARACTER_SET_RESULTS */;
/*!40101 SET @OLD_COLLATION_CONNECTION=@@COLLATION_CONNECTION */;
/*!50503 SET NAMES utf8mb4 */;
/*!40103 SET @OLD_TIME_ZONE=@@TIME_ZONE */;
/*!40103 SET TIME_ZONE='+00:00' */;
/*!40014 SET @OLD_UNIQUE_CHECKS=@@UNIQUE_CHECKS, UNIQUE_CHECKS=0 */;
/*!40014 SET @OLD_FOREIGN_KEY_CHECKS=@@FOREIGN_KEY_CHECKS, FOREIGN_KEY_CHECKS=0 */;
/*!40101 SET @OLD_SQL_MODE=@@SQL_MODE, SQL_MODE='NO_AUTO_VALUE_ON_ZERO' */;
/*!40111 SET @OLD_SQL_NOTES=@@SQL_NOTES, SQL_NOTES=0 */;
SET @MYSQLDUMP_TEMP_LOG_BIN = @@SESSION.SQL_LOG_BIN;
SET @@SESSION.SQL_LOG_BIN= 0;

--
-- GTID state at the beginning of the backup 
--

SET @@GLOBAL.GTID_PURGED=/*!80000 '+'*/ '';

--
-- Table structure for table `address`
--

DROP TABLE IF EXISTS `address`;
/*!40101 SET @saved_cs_client     = @@character_set_client */;
/*!50503 SET character_set_client = utf8mb4 */;
CREATE TABLE `address` (
  `address_id` int NOT NULL AUTO_INCREMENT,
  `line1` varchar(255) DEFAULT NULL,
  `line2` varchar(255) DEFAULT NULL,
  `city` varchar(255) DEFAULT NULL,
  `state` varchar(2) DEFAULT NULL,
  `zip_code` varchar(10) DEFAULT NULL,
  `created_at` datetime DEFAULT NULL,
  PRIMARY KEY (`address_id`)
) ENGINE=InnoDB DEFAULT CHARSET=utf8mb4 COLLATE=utf8mb4_0900_ai_ci;
/*!40101 SET character_set_client = @saved_cs_client */;

--
-- Dumping data for table `address`
--

LOCK TABLES `address` WRITE;
/*!40000 ALTER TABLE `address` DISABLE KEYS */;
/*!40000 ALTER TABLE `address` ENABLE KEYS */;
UNLOCK TABLES;

--
-- Table structure for table `allergies`
--

DROP TABLE IF EXISTS `allergies`;
/*!40101 SET @saved_cs_client     = @@character_set_client */;
/*!50503 SET character_set_client = utf8mb4 */;
CREATE TABLE `allergies` (
  `allergy_id` int NOT NULL AUTO_INCREMENT,
  `allergen_name` varchar(20) DEFAULT NULL,
  `allergy_description` varchar(200) DEFAULT NULL,
  PRIMARY KEY (`allergy_id`)
) ENGINE=InnoDB DEFAULT CHARSET=utf8mb4 COLLATE=utf8mb4_0900_ai_ci;
/*!40101 SET character_set_client = @saved_cs_client */;

--
-- Dumping data for table `allergies`
--

LOCK TABLES `allergies` WRITE;
/*!40000 ALTER TABLE `allergies` DISABLE KEYS */;
/*!40000 ALTER TABLE `allergies` ENABLE KEYS */;
UNLOCK TABLES;

--
-- Table structure for table `appointment`
--

DROP TABLE IF EXISTS `appointment`;
/*!40101 SET @saved_cs_client     = @@character_set_client */;
/*!50503 SET character_set_client = utf8mb4 */;
CREATE TABLE `appointment` (
  `appointment_id` int NOT NULL AUTO_INCREMENT,
  `patient_id` int DEFAULT NULL,
  `doctor_id` int DEFAULT NULL,
  `office_id` int DEFAULT NULL,
  `start_at` datetime DEFAULT NULL,
  `end_at` datetime DEFAULT NULL,
  `status` varchar(255) DEFAULT NULL,
  `reason` varchar(255) DEFAULT NULL,
  `procedure_code` varchar(255) DEFAULT NULL,
  `amount` decimal(10,2) DEFAULT NULL,
  `created_at` datetime DEFAULT NULL,
  `created_by` int DEFAULT NULL,
  PRIMARY KEY (`appointment_id`),
  KEY `fk_appointment_patient` (`patient_id`),
  KEY `fk_appointment_doctor` (`doctor_id`),
  KEY `fk_appointment_office` (`office_id`),
  KEY `fk_appointment_procedure` (`procedure_code`),
  KEY `fk_appointment_staff` (`created_by`),
  KEY `appointment_ibfk_4` (`status`),
  CONSTRAINT `fk_appointment_doctor` FOREIGN KEY (`doctor_id`) REFERENCES `doctor` (`doctor_id`) ON DELETE RESTRICT ON UPDATE RESTRICT,
  CONSTRAINT `fk_appointment_office` FOREIGN KEY (`office_id`) REFERENCES `office` (`office_id`) ON DELETE RESTRICT ON UPDATE RESTRICT,
  CONSTRAINT `fk_appointment_patient` FOREIGN KEY (`patient_id`) REFERENCES `patient` (`patient_id`) ON DELETE RESTRICT ON UPDATE RESTRICT,
  CONSTRAINT `fk_appointment_procedure` FOREIGN KEY (`procedure_code`) REFERENCES `procedures` (`code`) ON DELETE RESTRICT ON UPDATE RESTRICT,
  CONSTRAINT `fk_appointment_staff` FOREIGN KEY (`created_by`) REFERENCES `staff` (`staff_id`) ON DELETE RESTRICT ON UPDATE RESTRICT,
  CONSTRAINT `fk_appointment_status` FOREIGN KEY (`status`) REFERENCES `appointment_statuses` (`code`) ON DELETE CASCADE ON UPDATE RESTRICT
) ENGINE=InnoDB AUTO_INCREMENT=305 DEFAULT CHARSET=utf8mb4 COLLATE=utf8mb4_0900_ai_ci;
/*!40101 SET character_set_client = @saved_cs_client */;

--
-- Dumping data for table `appointment`
--

LOCK TABLES `appointment` WRITE;
/*!40000 ALTER TABLE `appointment` DISABLE KEYS */;
INSERT INTO `appointment` VALUES (5,2,3,1,'2025-10-25 10:13:00','2025-10-25 11:13:00','canceled','Visit #1 - annual check','34',72.00,'2025-10-19 18:19:01',3),(6,3,4,1,'2025-10-26 11:26:00','2025-10-26 12:26:00','checked_in','Visit #2 - medication consult','36415',85.00,'2025-10-22 18:19:01',3),(7,4,5,1,'2025-10-27 12:39:00','2025-10-27 13:39:00','completed','Visit #3 - new symptoms','80050',98.00,'2025-10-19 18:19:01',3),(8,5,6,1,'2025-10-28 13:52:00','2025-10-28 14:52:00','no_show','Visit #4 - lab review','90686',111.00,'2025-10-23 18:19:01',3),(9,6,7,1,'2025-10-29 14:05:00','2025-10-29 15:05:00','scheduled','Visit #5 - follow-up','93000',133.00,'2025-10-24 18:19:01',3),(10,7,8,1,'2025-10-30 15:18:00','2025-10-30 16:18:00','canceled','Visit #6 - new symptoms','99213',146.00,'2025-10-24 18:19:01',3),(11,8,9,1,'2025-10-31 16:31:00','2025-10-31 17:31:00','checked_in','Visit #7 - medication consult','34',159.00,'2025-10-23 18:19:01',3),(12,9,10,1,'2025-11-01 09:44:00','2025-11-01 10:44:00','completed','Visit #8 - lab review','36415',172.00,'2025-10-21 18:19:01',3),(13,10,11,1,'2025-11-02 10:57:00','2025-11-02 11:57:00','no_show','Visit #9 - annual check','80050',185.00,'2025-10-20 18:19:01',3),(14,11,3,1,'2025-11-03 11:10:00','2025-11-03 12:10:00','scheduled','Visit #10 - medication consult','90686',57.00,'2025-10-21 18:19:01',3),(15,12,4,1,'2025-11-04 12:23:00','2025-11-04 13:23:00','canceled','Visit #11 - new symptoms','93000',70.00,'2025-10-19 18:19:01',3),(16,13,5,1,'2025-11-05 13:36:00','2025-11-05 14:36:00','checked_in','Visit #12 - lab review','99213',83.00,'2025-10-21 18:19:01',3),(17,14,6,1,'2025-11-06 14:49:00','2025-11-06 15:49:00','completed','Visit #13 - annual check','34',96.00,'2025-10-19 18:19:01',3),(18,15,7,1,'2025-11-07 15:02:00','2025-11-07 16:02:00','no_show','Visit #14 - lab review','36415',118.00,'2025-10-20 18:19:01',3),(19,16,8,1,'2025-11-08 16:15:00','2025-11-08 17:15:00','scheduled','Visit #15 - lab review','80050',131.00,'2025-10-20 18:19:01',3),(20,17,9,1,'2025-11-09 09:28:00','2025-11-09 10:28:00','canceled','Visit #16 - lab review','90686',144.00,'2025-10-24 18:19:01',3),(21,18,10,1,'2025-11-10 10:41:00','2025-11-10 11:41:00','checked_in','Visit #17 - medication consult','93000',157.00,'2025-10-21 18:19:01',3),(22,19,11,1,'2025-11-11 11:54:00','2025-11-11 12:54:00','completed','Visit #18 - follow-up','99213',170.00,'2025-10-23 18:19:01',3),(23,20,3,1,'2025-11-12 12:07:00','2025-11-12 13:07:00','no_show','Visit #19 - new symptoms','34',192.00,'2025-10-21 18:19:01',3),(24,21,4,1,'2025-11-13 13:20:00','2025-11-13 14:20:00','scheduled','Visit #20 - medication consult','36415',55.00,'2025-10-22 18:19:01',3),(25,22,5,1,'2025-11-14 14:33:00','2025-11-14 15:33:00','canceled','Visit #21 - annual check','80050',68.00,'2025-10-22 18:19:01',3),(26,23,6,1,'2025-11-15 15:46:00','2025-11-15 16:46:00','checked_in','Visit #22 - lab review','90686',81.00,'2025-10-19 18:19:01',3),(27,24,7,1,'2025-11-16 16:59:00','2025-11-16 17:59:00','completed','Visit #23 - annual check','93000',103.00,'2025-10-20 18:19:01',3),(28,25,8,1,'2025-11-17 09:12:00','2025-11-17 10:12:00','no_show','Visit #24 - annual check','99213',116.00,'2025-10-23 18:19:01',3),(29,26,9,1,'2025-11-18 10:25:00','2025-11-18 11:25:00','scheduled','Visit #25 - follow-up','34',129.00,'2025-10-19 18:19:01',3),(30,27,10,1,'2025-11-19 11:38:00','2025-11-19 12:38:00','canceled','Visit #26 - lab review','36415',142.00,'2025-10-22 18:19:01',3),(31,28,11,1,'2025-11-20 12:51:00','2025-11-20 13:51:00','checked_in','Visit #27 - follow-up','80050',155.00,'2025-10-21 18:19:01',3),(32,29,3,1,'2025-11-21 13:04:00','2025-11-21 14:04:00','completed','Visit #28 - lab review','90686',177.00,'2025-10-22 18:19:01',3),(33,30,4,1,'2025-11-22 14:17:00','2025-11-22 15:17:00','no_show','Visit #29 - lab review','93000',190.00,'2025-10-21 18:19:01',3),(34,31,5,1,'2025-11-23 15:30:00','2025-11-23 16:30:00','scheduled','Visit #30 - follow-up','99213',53.00,'2025-10-19 18:19:01',3),(35,32,6,1,'2025-11-24 16:43:00','2025-11-24 17:43:00','canceled','Visit #31 - lab review','34',66.00,'2025-10-22 18:19:01',3),(36,33,7,1,'2025-11-25 09:56:00','2025-11-25 10:56:00','checked_in','Visit #32 - medication consult','36415',88.00,'2025-10-24 18:19:01',3),(37,34,8,1,'2025-11-26 10:09:00','2025-11-26 11:09:00','completed','Visit #33 - medication consult','80050',101.00,'2025-10-19 18:19:01',3),(38,35,9,1,'2025-11-27 11:22:00','2025-11-27 12:22:00','no_show','Visit #34 - follow-up','90686',114.00,'2025-10-22 18:19:01',3),(39,36,10,1,'2025-11-28 12:35:00','2025-11-28 13:35:00','scheduled','Visit #35 - lab review','93000',127.00,'2025-10-24 18:19:01',3),(40,37,11,1,'2025-11-29 13:48:00','2025-11-29 14:48:00','canceled','Visit #36 - medication consult','99213',140.00,'2025-10-19 18:19:01',3),(41,38,3,1,'2025-11-30 14:01:00','2025-11-30 15:01:00','checked_in','Visit #37 - lab review','34',162.00,'2025-10-19 18:19:01',3),(42,39,4,1,'2025-12-01 15:14:00','2025-12-01 16:14:00','completed','Visit #38 - follow-up','36415',175.00,'2025-10-19 18:19:01',3),(43,40,5,1,'2025-12-02 16:27:00','2025-12-02 17:27:00','no_show','Visit #39 - medication consult','80050',188.00,'2025-10-20 18:19:01',3),(44,41,6,1,'2025-12-03 09:40:00','2025-12-03 10:40:00','scheduled','Visit #40 - annual check','90686',51.00,'2025-10-21 18:19:01',3),(45,42,7,1,'2025-12-04 10:53:00','2025-12-04 11:53:00','canceled','Visit #41 - medication consult','93000',73.00,'2025-10-20 18:19:01',3),(46,43,8,1,'2025-12-05 11:06:00','2025-12-05 12:06:00','checked_in','Visit #42 - lab review','99213',86.00,'2025-10-24 18:19:01',3),(47,44,9,1,'2025-12-06 12:19:00','2025-12-06 13:19:00','completed','Visit #43 - annual check','34',99.00,'2025-10-21 18:19:01',3),(48,45,10,1,'2025-12-07 13:32:00','2025-12-07 14:32:00','no_show','Visit #44 - medication consult','36415',112.00,'2025-10-22 18:19:01',3),(49,46,11,1,'2025-10-24 09:00:00','2025-10-24 10:00:00','scheduled','Visit #45 - new symptoms','80050',125.00,'2025-10-22 18:19:01',3),(50,47,3,1,'2025-10-25 10:13:00','2025-10-25 11:13:00','canceled','Visit #46 - follow-up','90686',147.00,'2025-10-24 18:19:01',3),(51,48,4,1,'2025-10-26 11:26:00','2025-10-26 12:26:00','checked_in','Visit #47 - annual check','93000',160.00,'2025-10-21 18:19:01',3),(52,49,5,1,'2025-10-27 12:39:00','2025-10-27 13:39:00','completed','Visit #48 - lab review','99213',173.00,'2025-10-23 18:19:01',3),(53,50,6,1,'2025-10-28 13:52:00','2025-10-28 14:52:00','no_show','Visit #49 - lab review','34',186.00,'2025-10-23 18:19:01',3),(54,51,7,1,'2025-10-29 14:05:00','2025-10-29 15:05:00','scheduled','Visit #50 - lab review','36415',58.00,'2025-10-22 18:19:01',3),(55,52,8,1,'2025-10-30 15:18:00','2025-10-30 16:18:00','canceled','Visit #51 - medication consult','80050',71.00,'2025-10-20 18:19:01',3),(56,53,9,1,'2025-10-31 16:31:00','2025-10-31 17:31:00','checked_in','Visit #52 - follow-up','90686',84.00,'2025-10-20 18:19:01',3),(57,54,10,1,'2025-11-01 09:44:00','2025-11-01 10:44:00','completed','Visit #53 - follow-up','93000',97.00,'2025-10-22 18:19:01',3),(58,55,11,1,'2025-11-02 10:57:00','2025-11-02 11:57:00','no_show','Visit #54 - annual check','99213',110.00,'2025-10-20 18:19:01',3),(59,56,3,1,'2025-11-03 11:10:00','2025-11-03 12:10:00','scheduled','Visit #55 - annual check','34',132.00,'2025-10-21 18:19:01',3),(60,57,4,1,'2025-11-04 12:23:00','2025-11-04 13:23:00','canceled','Visit #56 - lab review','36415',145.00,'2025-10-24 18:19:01',3),(61,58,5,1,'2025-11-05 13:36:00','2025-11-05 14:36:00','checked_in','Visit #57 - follow-up','80050',158.00,'2025-10-23 18:19:01',3),(62,59,6,1,'2025-11-06 14:49:00','2025-11-06 15:49:00','completed','Visit #58 - annual check','90686',171.00,'2025-10-22 18:19:01',3),(63,60,7,1,'2025-11-07 15:02:00','2025-11-07 16:02:00','no_show','Visit #59 - new symptoms','93000',193.00,'2025-10-23 18:19:01',3),(64,61,8,1,'2025-11-08 16:15:00','2025-11-08 17:15:00','scheduled','Visit #60 - new symptoms','99213',56.00,'2025-10-21 18:19:01',3),(65,62,9,1,'2025-11-09 09:28:00','2025-11-09 10:28:00','canceled','Visit #61 - medication consult','34',69.00,'2025-10-21 18:19:01',3),(66,63,10,1,'2025-11-10 10:41:00','2025-11-10 11:41:00','checked_in','Visit #62 - new symptoms','36415',82.00,'2025-10-22 18:19:01',3),(67,64,11,1,'2025-11-11 11:54:00','2025-11-11 12:54:00','completed','Visit #63 - annual check','80050',95.00,'2025-10-24 18:19:01',3),(68,65,3,1,'2025-11-12 12:07:00','2025-11-12 13:07:00','no_show','Visit #64 - annual check','90686',117.00,'2025-10-22 18:19:01',3),(69,66,4,1,'2025-11-13 13:20:00','2025-11-13 14:20:00','scheduled','Visit #65 - medication consult','93000',130.00,'2025-10-19 18:19:01',3),(70,67,5,1,'2025-11-14 14:33:00','2025-11-14 15:33:00','canceled','Visit #66 - lab review','99213',143.00,'2025-10-22 18:19:01',3),(71,68,6,1,'2025-11-15 15:46:00','2025-11-15 16:46:00','checked_in','Visit #67 - new symptoms','34',156.00,'2025-10-24 18:19:01',3),(72,69,7,1,'2025-11-16 16:59:00','2025-11-16 17:59:00','completed','Visit #68 - medication consult','36415',178.00,'2025-10-20 18:19:01',3),(73,70,8,1,'2025-11-17 09:12:00','2025-11-17 10:12:00','no_show','Visit #69 - new symptoms','80050',191.00,'2025-10-20 18:19:01',3),(74,71,9,1,'2025-11-18 10:25:00','2025-11-18 11:25:00','scheduled','Visit #70 - annual check','90686',54.00,'2025-10-19 18:19:01',3),(75,72,10,1,'2025-11-19 11:38:00','2025-11-19 12:38:00','canceled','Visit #71 - medication consult','93000',67.00,'2025-10-21 18:19:01',3),(76,73,11,1,'2025-11-20 12:51:00','2025-11-20 13:51:00','checked_in','Visit #72 - medication consult','99213',80.00,'2025-10-19 18:19:01',3),(77,74,3,1,'2025-11-21 13:04:00','2025-11-21 14:04:00','completed','Visit #73 - medication consult','34',102.00,'2025-10-24 18:19:01',3),(78,75,4,1,'2025-11-22 14:17:00','2025-11-22 15:17:00','no_show','Visit #74 - follow-up','36415',115.00,'2025-10-23 18:19:01',3),(79,76,5,1,'2025-11-23 15:30:00','2025-11-23 16:30:00','scheduled','Visit #75 - lab review','80050',128.00,'2025-10-19 18:19:01',3),(80,77,6,1,'2025-11-24 16:43:00','2025-11-24 17:43:00','canceled','Visit #76 - follow-up','90686',141.00,'2025-10-23 18:19:01',3),(81,78,7,1,'2025-11-25 09:56:00','2025-11-25 10:56:00','checked_in','Visit #77 - new symptoms','93000',163.00,'2025-10-22 18:19:01',3),(82,79,8,1,'2025-11-26 10:09:00','2025-11-26 11:09:00','completed','Visit #78 - lab review','99213',176.00,'2025-10-24 18:19:01',3),(83,80,9,1,'2025-11-27 11:22:00','2025-11-27 12:22:00','no_show','Visit #79 - annual check','34',189.00,'2025-10-21 18:19:01',3),(84,81,10,1,'2025-11-28 12:35:00','2025-11-28 13:35:00','scheduled','Visit #80 - follow-up','36415',52.00,'2025-10-19 18:19:01',3),(85,82,11,1,'2025-11-29 13:48:00','2025-11-29 14:48:00','canceled','Visit #81 - new symptoms','80050',65.00,'2025-10-23 18:19:01',3),(86,83,3,1,'2025-11-30 14:01:00','2025-11-30 15:01:00','checked_in','Visit #82 - new symptoms','90686',87.00,'2025-10-24 18:19:01',3),(87,84,4,1,'2025-12-01 15:14:00','2025-12-01 16:14:00','completed','Visit #83 - lab review','93000',100.00,'2025-10-22 18:19:01',3),(88,85,5,1,'2025-12-02 16:27:00','2025-12-02 17:27:00','no_show','Visit #84 - follow-up','99213',113.00,'2025-10-23 18:19:01',3),(89,86,6,1,'2025-12-03 09:40:00','2025-12-03 10:40:00','scheduled','Visit #85 - follow-up','34',126.00,'2025-10-20 18:19:01',3),(90,87,7,1,'2025-12-04 10:53:00','2025-12-04 11:53:00','canceled','Visit #86 - new symptoms','36415',148.00,'2025-10-22 18:19:01',3),(91,88,8,1,'2025-12-05 11:06:00','2025-12-05 12:06:00','checked_in','Visit #87 - medication consult','80050',161.00,'2025-10-20 18:19:01',3),(92,89,9,1,'2025-12-06 12:19:00','2025-12-06 13:19:00','completed','Visit #88 - new symptoms','90686',174.00,'2025-10-21 18:19:01',3),(93,90,10,1,'2025-12-07 13:32:00','2025-12-07 14:32:00','no_show','Visit #89 - lab review','93000',187.00,'2025-10-21 18:19:01',3),(94,91,11,1,'2025-10-24 09:00:00','2025-10-24 10:00:00','scheduled','Visit #90 - medication consult','99213',50.00,'2025-10-23 18:19:01',3),(95,92,3,1,'2025-10-25 10:13:00','2025-10-25 11:13:00','canceled','Visit #91 - new symptoms','34',72.00,'2025-10-22 18:19:01',3),(96,93,4,1,'2025-10-26 11:26:00','2025-10-26 12:26:00','checked_in','Visit #92 - new symptoms','36415',85.00,'2025-10-24 18:19:01',3),(97,94,5,1,'2025-10-27 12:39:00','2025-10-27 13:39:00','completed','Visit #93 - annual check','80050',98.00,'2025-10-19 18:19:01',3),(98,95,6,1,'2025-10-28 13:52:00','2025-10-28 14:52:00','no_show','Visit #94 - lab review','90686',111.00,'2025-10-19 18:19:01',3),(99,96,7,1,'2025-10-29 14:05:00','2025-10-29 15:05:00','scheduled','Visit #95 - medication consult','93000',133.00,'2025-10-21 18:19:01',3),(100,97,8,1,'2025-10-30 15:18:00','2025-10-30 16:18:00','canceled','Visit #96 - annual check','99213',146.00,'2025-10-24 18:19:01',3),(101,98,9,1,'2025-10-31 16:31:00','2025-10-31 17:31:00','checked_in','Visit #97 - new symptoms','34',159.00,'2025-10-20 18:19:01',3),(102,99,10,1,'2025-11-01 09:44:00','2025-11-01 10:44:00','completed','Visit #98 - follow-up','36415',172.00,'2025-10-20 18:19:01',3),(103,100,11,1,'2025-11-02 10:57:00','2025-11-02 11:57:00','no_show','Visit #99 - lab review','80050',185.00,'2025-10-21 18:19:01',3),(104,2,3,1,'2025-11-03 11:10:00','2025-11-03 12:10:00','scheduled','Visit #100 - follow-up','90686',57.00,'2025-10-21 18:19:01',3),(105,3,4,1,'2025-11-04 12:23:00','2025-11-04 13:23:00','canceled','Visit #101 - annual check','93000',70.00,'2025-10-20 18:19:01',3),(106,4,5,1,'2025-11-05 13:36:00','2025-11-05 14:36:00','checked_in','Visit #102 - medication consult','99213',83.00,'2025-10-22 18:19:01',3),(107,5,6,1,'2025-11-06 14:49:00','2025-11-06 15:49:00','completed','Visit #103 - new symptoms','34',96.00,'2025-10-20 18:19:01',3),(108,6,7,1,'2025-11-07 15:02:00','2025-11-07 16:02:00','no_show','Visit #104 - medication consult','36415',118.00,'2025-10-22 18:19:01',3),(109,7,8,1,'2025-11-08 16:15:00','2025-11-08 17:15:00','scheduled','Visit #105 - lab review','80050',131.00,'2025-10-24 18:19:01',3),(110,8,9,1,'2025-11-09 09:28:00','2025-11-09 10:28:00','canceled','Visit #106 - lab review','90686',144.00,'2025-10-21 18:19:01',3),(111,9,10,1,'2025-11-10 10:41:00','2025-11-10 11:41:00','checked_in','Visit #107 - lab review','93000',157.00,'2025-10-21 18:19:01',3),(112,10,11,1,'2025-11-11 11:54:00','2025-11-11 12:54:00','completed','Visit #108 - medication consult','99213',170.00,'2025-10-22 18:19:01',3),(113,11,3,1,'2025-11-12 12:07:00','2025-11-12 13:07:00','no_show','Visit #109 - new symptoms','34',192.00,'2025-10-19 18:19:01',3),(114,12,4,1,'2025-11-13 13:20:00','2025-11-13 14:20:00','scheduled','Visit #110 - new symptoms','36415',55.00,'2025-10-23 18:19:01',3),(115,13,5,1,'2025-11-14 14:33:00','2025-11-14 15:33:00','canceled','Visit #111 - medication consult','80050',68.00,'2025-10-23 18:19:01',3),(116,14,6,1,'2025-11-15 15:46:00','2025-11-15 16:46:00','checked_in','Visit #112 - medication consult','90686',81.00,'2025-10-24 18:19:01',3),(117,15,7,1,'2025-11-16 16:59:00','2025-11-16 17:59:00','completed','Visit #113 - annual check','93000',103.00,'2025-10-23 18:19:01',3),(118,16,8,1,'2025-11-17 09:12:00','2025-11-17 10:12:00','no_show','Visit #114 - follow-up','99213',116.00,'2025-10-24 18:19:01',3),(119,17,9,1,'2025-11-18 10:25:00','2025-11-18 11:25:00','scheduled','Visit #115 - new symptoms','34',129.00,'2025-10-24 18:19:01',3),(120,18,10,1,'2025-11-19 11:38:00','2025-11-19 12:38:00','canceled','Visit #116 - new symptoms','36415',142.00,'2025-10-19 18:19:01',3),(121,19,11,1,'2025-11-20 12:51:00','2025-11-20 13:51:00','checked_in','Visit #117 - lab review','80050',155.00,'2025-10-20 18:19:01',3),(122,20,3,1,'2025-11-21 13:04:00','2025-11-21 14:04:00','completed','Visit #118 - annual check','90686',177.00,'2025-10-20 18:19:01',3),(123,21,4,1,'2025-11-22 14:17:00','2025-11-22 15:17:00','no_show','Visit #119 - new symptoms','93000',190.00,'2025-10-22 18:19:01',3),(124,22,5,1,'2025-11-23 15:30:00','2025-11-23 16:30:00','scheduled','Visit #120 - new symptoms','99213',53.00,'2025-10-19 18:19:01',3),(125,23,6,1,'2025-11-24 16:43:00','2025-11-24 17:43:00','canceled','Visit #121 - follow-up','34',66.00,'2025-10-20 18:19:01',3),(126,24,7,1,'2025-11-25 09:56:00','2025-11-25 10:56:00','checked_in','Visit #122 - annual check','36415',88.00,'2025-10-23 18:19:01',3),(127,25,8,1,'2025-11-26 10:09:00','2025-11-26 11:09:00','completed','Visit #123 - lab review','80050',101.00,'2025-10-22 18:19:01',3),(128,26,9,1,'2025-11-27 11:22:00','2025-11-27 12:22:00','no_show','Visit #124 - new symptoms','90686',114.00,'2025-10-20 18:19:01',3),(129,27,10,1,'2025-11-28 12:35:00','2025-11-28 13:35:00','scheduled','Visit #125 - new symptoms','93000',127.00,'2025-10-19 18:19:01',3),(130,28,11,1,'2025-11-29 13:48:00','2025-11-29 14:48:00','canceled','Visit #126 - follow-up','99213',140.00,'2025-10-21 18:19:01',3),(131,29,3,1,'2025-11-30 14:01:00','2025-11-30 15:01:00','checked_in','Visit #127 - annual check','34',162.00,'2025-10-19 18:19:01',3),(132,30,4,1,'2025-12-01 15:14:00','2025-12-01 16:14:00','completed','Visit #128 - new symptoms','36415',175.00,'2025-10-22 18:19:01',3),(133,31,5,1,'2025-12-02 16:27:00','2025-12-02 17:27:00','no_show','Visit #129 - lab review','80050',188.00,'2025-10-24 18:19:01',3),(134,32,6,1,'2025-12-03 09:40:00','2025-12-03 10:40:00','scheduled','Visit #130 - new symptoms','90686',51.00,'2025-10-21 18:19:01',3),(135,33,7,1,'2025-12-04 10:53:00','2025-12-04 11:53:00','canceled','Visit #131 - follow-up','93000',73.00,'2025-10-20 18:19:01',3),(136,34,8,1,'2025-12-05 11:06:00','2025-12-05 12:06:00','checked_in','Visit #132 - medication consult','99213',86.00,'2025-10-19 18:19:01',3),(137,35,9,1,'2025-12-06 12:19:00','2025-12-06 13:19:00','completed','Visit #133 - lab review','34',99.00,'2025-10-22 18:19:01',3),(138,36,10,1,'2025-12-07 13:32:00','2025-12-07 14:32:00','no_show','Visit #134 - lab review','36415',112.00,'2025-10-23 18:19:01',3),(139,37,11,1,'2025-10-24 09:00:00','2025-10-24 10:00:00','scheduled','Visit #135 - annual check','80050',125.00,'2025-10-24 18:19:01',3),(140,38,3,1,'2025-10-25 10:13:00','2025-10-25 11:13:00','canceled','Visit #136 - follow-up','90686',147.00,'2025-10-22 18:19:01',3),(141,39,4,1,'2025-10-26 11:26:00','2025-10-26 12:26:00','checked_in','Visit #137 - follow-up','93000',160.00,'2025-10-22 18:19:01',3),(142,40,5,1,'2025-10-27 12:39:00','2025-10-27 13:39:00','completed','Visit #138 - follow-up','99213',173.00,'2025-10-24 18:19:01',3),(143,41,6,1,'2025-10-28 13:52:00','2025-10-28 14:52:00','no_show','Visit #139 - new symptoms','34',186.00,'2025-10-22 18:19:01',3),(144,42,7,1,'2025-10-29 14:05:00','2025-10-29 15:05:00','scheduled','Visit #140 - annual check','36415',58.00,'2025-10-20 18:19:01',3),(145,43,8,1,'2025-10-30 15:18:00','2025-10-30 16:18:00','canceled','Visit #141 - medication consult','80050',71.00,'2025-10-21 18:19:01',3),(146,44,9,1,'2025-10-31 16:31:00','2025-10-31 17:31:00','checked_in','Visit #142 - medication consult','90686',84.00,'2025-10-21 18:19:01',3),(147,45,10,1,'2025-11-01 09:44:00','2025-11-01 10:44:00','completed','Visit #143 - follow-up','93000',97.00,'2025-10-24 18:19:01',3),(148,46,11,1,'2025-11-02 10:57:00','2025-11-02 11:57:00','no_show','Visit #144 - follow-up','99213',110.00,'2025-10-24 18:19:01',3),(149,47,3,1,'2025-11-03 11:10:00','2025-11-03 12:10:00','scheduled','Visit #145 - medication consult','34',132.00,'2025-10-19 18:19:01',3),(150,48,4,1,'2025-11-04 12:23:00','2025-11-04 13:23:00','canceled','Visit #146 - annual check','36415',145.00,'2025-10-23 18:19:01',3),(151,49,5,1,'2025-11-05 13:36:00','2025-11-05 14:36:00','checked_in','Visit #147 - lab review','80050',158.00,'2025-10-22 18:19:01',3),(152,50,6,1,'2025-11-06 14:49:00','2025-11-06 15:49:00','completed','Visit #148 - annual check','90686',171.00,'2025-10-19 18:19:01',3),(153,51,7,1,'2025-11-07 15:02:00','2025-11-07 16:02:00','no_show','Visit #149 - new symptoms','93000',193.00,'2025-10-23 18:19:01',3),(154,52,8,1,'2025-11-08 16:15:00','2025-11-08 17:15:00','scheduled','Visit #150 - medication consult','99213',56.00,'2025-10-19 18:19:01',3),(155,53,9,1,'2025-11-09 09:28:00','2025-11-09 10:28:00','canceled','Visit #151 - medication consult','34',69.00,'2025-10-22 18:19:01',3),(156,54,10,1,'2025-11-10 10:41:00','2025-11-10 11:41:00','checked_in','Visit #152 - new symptoms','36415',82.00,'2025-10-23 18:19:01',3),(157,55,11,1,'2025-11-11 11:54:00','2025-11-11 12:54:00','completed','Visit #153 - lab review','80050',95.00,'2025-10-21 18:19:01',3),(158,56,3,1,'2025-11-12 12:07:00','2025-11-12 13:07:00','no_show','Visit #154 - new symptoms','90686',117.00,'2025-10-19 18:19:01',3),(159,57,4,1,'2025-11-13 13:20:00','2025-11-13 14:20:00','scheduled','Visit #155 - annual check','93000',130.00,'2025-10-21 18:19:01',3),(160,58,5,1,'2025-11-14 14:33:00','2025-11-14 15:33:00','canceled','Visit #156 - lab review','99213',143.00,'2025-10-19 18:19:01',3),(161,59,6,1,'2025-11-15 15:46:00','2025-11-15 16:46:00','checked_in','Visit #157 - follow-up','34',156.00,'2025-10-20 18:19:01',3),(162,60,7,1,'2025-11-16 16:59:00','2025-11-16 17:59:00','completed','Visit #158 - follow-up','36415',178.00,'2025-10-23 18:19:01',3),(163,61,8,1,'2025-11-17 09:12:00','2025-11-17 10:12:00','no_show','Visit #159 - new symptoms','80050',191.00,'2025-10-23 18:19:01',3),(164,62,9,1,'2025-11-18 10:25:00','2025-11-18 11:25:00','scheduled','Visit #160 - new symptoms','90686',54.00,'2025-10-19 18:19:01',3),(165,63,10,1,'2025-11-19 11:38:00','2025-11-19 12:38:00','canceled','Visit #161 - lab review','93000',67.00,'2025-10-21 18:19:01',3),(166,64,11,1,'2025-11-20 12:51:00','2025-11-20 13:51:00','checked_in','Visit #162 - lab review','99213',80.00,'2025-10-24 18:19:01',3),(167,65,3,1,'2025-11-21 13:04:00','2025-11-21 14:04:00','completed','Visit #163 - annual check','34',102.00,'2025-10-23 18:19:01',3),(168,66,4,1,'2025-11-22 14:17:00','2025-11-22 15:17:00','no_show','Visit #164 - new symptoms','36415',115.00,'2025-10-19 18:19:01',3),(169,67,5,1,'2025-11-23 15:30:00','2025-11-23 16:30:00','scheduled','Visit #165 - annual check','80050',128.00,'2025-10-24 18:19:01',3),(170,68,6,1,'2025-11-24 16:43:00','2025-11-24 17:43:00','canceled','Visit #166 - new symptoms','90686',141.00,'2025-10-19 18:19:01',3),(171,69,7,1,'2025-11-25 09:56:00','2025-11-25 10:56:00','checked_in','Visit #167 - follow-up','93000',163.00,'2025-10-24 18:19:01',3),(172,70,8,1,'2025-11-26 10:09:00','2025-11-26 11:09:00','completed','Visit #168 - new symptoms','99213',176.00,'2025-10-21 18:19:01',3),(173,71,9,1,'2025-11-27 11:22:00','2025-11-27 12:22:00','no_show','Visit #169 - annual check','34',189.00,'2025-10-24 18:19:01',3),(174,72,10,1,'2025-11-28 12:35:00','2025-11-28 13:35:00','scheduled','Visit #170 - follow-up','36415',52.00,'2025-10-23 18:19:01',3),(175,73,11,1,'2025-11-29 13:48:00','2025-11-29 14:48:00','canceled','Visit #171 - lab review','80050',65.00,'2025-10-23 18:19:01',3),(176,74,3,1,'2025-11-30 14:01:00','2025-11-30 15:01:00','checked_in','Visit #172 - medication consult','90686',87.00,'2025-10-23 18:19:01',3),(177,75,4,1,'2025-12-01 15:14:00','2025-12-01 16:14:00','completed','Visit #173 - lab review','93000',100.00,'2025-10-23 18:19:01',3),(178,76,5,1,'2025-12-02 16:27:00','2025-12-02 17:27:00','no_show','Visit #174 - annual check','99213',113.00,'2025-10-20 18:19:01',3),(179,77,6,1,'2025-12-03 09:40:00','2025-12-03 10:40:00','scheduled','Visit #175 - new symptoms','34',126.00,'2025-10-20 18:19:01',3),(180,78,7,1,'2025-12-04 10:53:00','2025-12-04 11:53:00','canceled','Visit #176 - medication consult','36415',148.00,'2025-10-23 18:19:01',3),(181,79,8,1,'2025-12-05 11:06:00','2025-12-05 12:06:00','checked_in','Visit #177 - follow-up','80050',161.00,'2025-10-20 18:19:01',3),(182,80,9,1,'2025-12-06 12:19:00','2025-12-06 13:19:00','completed','Visit #178 - new symptoms','90686',174.00,'2025-10-22 18:19:01',3),(183,81,10,1,'2025-12-07 13:32:00','2025-12-07 14:32:00','no_show','Visit #179 - annual check','93000',187.00,'2025-10-22 18:19:01',3),(184,82,11,1,'2025-10-24 09:00:00','2025-10-24 10:00:00','scheduled','Visit #180 - lab review','99213',50.00,'2025-10-24 18:19:01',3),(185,83,3,1,'2025-10-25 10:13:00','2025-10-25 11:13:00','canceled','Visit #181 - new symptoms','34',72.00,'2025-10-21 18:19:01',3),(186,84,4,1,'2025-10-26 11:26:00','2025-10-26 12:26:00','checked_in','Visit #182 - lab review','36415',85.00,'2025-10-22 18:19:01',3),(187,85,5,1,'2025-10-27 12:39:00','2025-10-27 13:39:00','completed','Visit #183 - annual check','80050',98.00,'2025-10-22 18:19:01',3),(188,86,6,1,'2025-10-28 13:52:00','2025-10-28 14:52:00','no_show','Visit #184 - follow-up','90686',111.00,'2025-10-23 18:19:01',3),(189,87,7,1,'2025-10-29 14:05:00','2025-10-29 15:05:00','scheduled','Visit #185 - lab review','93000',133.00,'2025-10-20 18:19:01',3),(190,88,8,1,'2025-10-30 15:18:00','2025-10-30 16:18:00','canceled','Visit #186 - medication consult','99213',146.00,'2025-10-23 18:19:01',3),(191,89,9,1,'2025-10-31 16:31:00','2025-10-31 17:31:00','checked_in','Visit #187 - follow-up','34',159.00,'2025-10-24 18:19:01',3),(192,90,10,1,'2025-11-01 09:44:00','2025-11-01 10:44:00','completed','Visit #188 - medication consult','36415',172.00,'2025-10-21 18:19:01',3),(193,91,11,1,'2025-11-02 10:57:00','2025-11-02 11:57:00','no_show','Visit #189 - annual check','80050',185.00,'2025-10-21 18:19:01',3),(194,92,3,1,'2025-11-03 11:10:00','2025-11-03 12:10:00','scheduled','Visit #190 - lab review','90686',57.00,'2025-10-19 18:19:01',3),(195,93,4,1,'2025-11-04 12:23:00','2025-11-04 13:23:00','canceled','Visit #191 - annual check','93000',70.00,'2025-10-24 18:19:01',3),(196,94,5,1,'2025-11-05 13:36:00','2025-11-05 14:36:00','checked_in','Visit #192 - lab review','99213',83.00,'2025-10-24 18:19:01',3),(197,95,6,1,'2025-11-06 14:49:00','2025-11-06 15:49:00','completed','Visit #193 - annual check','34',96.00,'2025-10-21 18:19:01',3),(198,96,7,1,'2025-11-07 15:02:00','2025-11-07 16:02:00','no_show','Visit #194 - new symptoms','36415',118.00,'2025-10-23 18:19:01',3),(199,97,8,1,'2025-11-08 16:15:00','2025-11-08 17:15:00','scheduled','Visit #195 - annual check','80050',131.00,'2025-10-19 18:19:01',3),(200,98,9,1,'2025-11-09 09:28:00','2025-11-09 10:28:00','canceled','Visit #196 - new symptoms','90686',144.00,'2025-10-23 18:19:01',3),(201,99,10,1,'2025-11-10 10:41:00','2025-11-10 11:41:00','checked_in','Visit #197 - follow-up','93000',157.00,'2025-10-23 18:19:01',3),(202,100,11,1,'2025-11-11 11:54:00','2025-11-11 12:54:00','completed','Visit #198 - new symptoms','99213',170.00,'2025-10-20 18:19:01',3),(203,2,3,1,'2025-11-12 12:07:00','2025-11-12 13:07:00','no_show','Visit #199 - annual check','34',192.00,'2025-10-20 18:19:01',3),(204,3,4,1,'2025-11-13 13:20:00','2025-11-13 14:20:00','scheduled','Visit #200 - follow-up','36415',55.00,'2025-10-22 18:19:01',3),(205,4,5,1,'2025-11-14 14:33:00','2025-11-14 15:33:00','canceled','Visit #201 - new symptoms','80050',68.00,'2025-10-20 18:19:01',3),(206,5,6,1,'2025-11-15 15:46:00','2025-11-15 16:46:00','checked_in','Visit #202 - new symptoms','90686',81.00,'2025-10-20 18:19:01',3),(207,6,7,1,'2025-11-16 16:59:00','2025-11-16 17:59:00','completed','Visit #203 - lab review','93000',103.00,'2025-10-21 18:19:01',3),(208,7,8,1,'2025-11-17 09:12:00','2025-11-17 10:12:00','no_show','Visit #204 - new symptoms','99213',116.00,'2025-10-23 18:19:01',3),(209,8,9,1,'2025-11-18 10:25:00','2025-11-18 11:25:00','scheduled','Visit #205 - annual check','34',129.00,'2025-10-23 18:19:01',3),(210,9,10,1,'2025-11-19 11:38:00','2025-11-19 12:38:00','canceled','Visit #206 - medication consult','36415',142.00,'2025-10-22 18:19:01',3),(211,10,11,1,'2025-11-20 12:51:00','2025-11-20 13:51:00','checked_in','Visit #207 - medication consult','80050',155.00,'2025-10-19 18:19:01',3),(212,11,3,1,'2025-11-21 13:04:00','2025-11-21 14:04:00','completed','Visit #208 - lab review','90686',177.00,'2025-10-20 18:19:01',3),(213,12,4,1,'2025-11-22 14:17:00','2025-11-22 15:17:00','no_show','Visit #209 - new symptoms','93000',190.00,'2025-10-20 18:19:01',3),(214,13,5,1,'2025-11-23 15:30:00','2025-11-23 16:30:00','scheduled','Visit #210 - new symptoms','99213',53.00,'2025-10-23 18:19:01',3),(215,14,6,1,'2025-11-24 16:43:00','2025-11-24 17:43:00','canceled','Visit #211 - new symptoms','34',66.00,'2025-10-19 18:19:01',3),(216,15,7,1,'2025-11-25 09:56:00','2025-11-25 10:56:00','checked_in','Visit #212 - lab review','36415',88.00,'2025-10-22 18:19:01',3),(217,16,8,1,'2025-11-26 10:09:00','2025-11-26 11:09:00','completed','Visit #213 - medication consult','80050',101.00,'2025-10-23 18:19:01',3),(218,17,9,1,'2025-11-27 11:22:00','2025-11-27 12:22:00','no_show','Visit #214 - follow-up','90686',114.00,'2025-10-24 18:19:01',3),(219,18,10,1,'2025-11-28 12:35:00','2025-11-28 13:35:00','scheduled','Visit #215 - new symptoms','93000',127.00,'2025-10-21 18:19:01',3),(220,19,11,1,'2025-11-29 13:48:00','2025-11-29 14:48:00','canceled','Visit #216 - annual check','99213',140.00,'2025-10-23 18:19:01',3),(221,20,3,1,'2025-11-30 14:01:00','2025-11-30 15:01:00','checked_in','Visit #217 - follow-up','34',162.00,'2025-10-24 18:19:01',3),(222,21,4,1,'2025-12-01 15:14:00','2025-12-01 16:14:00','completed','Visit #218 - new symptoms','36415',175.00,'2025-10-22 18:19:01',3),(223,22,5,1,'2025-12-02 16:27:00','2025-12-02 17:27:00','no_show','Visit #219 - medication consult','80050',188.00,'2025-10-20 18:19:01',3),(224,23,6,1,'2025-12-03 09:40:00','2025-12-03 10:40:00','scheduled','Visit #220 - lab review','90686',51.00,'2025-10-19 18:19:01',3),(225,24,7,1,'2025-12-04 10:53:00','2025-12-04 11:53:00','canceled','Visit #221 - new symptoms','93000',73.00,'2025-10-22 18:19:01',3),(226,25,8,1,'2025-12-05 11:06:00','2025-12-05 12:06:00','checked_in','Visit #222 - follow-up','99213',86.00,'2025-10-22 18:19:01',3),(227,26,9,1,'2025-12-06 12:19:00','2025-12-06 13:19:00','completed','Visit #223 - medication consult','34',99.00,'2025-10-19 18:19:01',3),(228,27,10,1,'2025-12-07 13:32:00','2025-12-07 14:32:00','no_show','Visit #224 - medication consult','36415',112.00,'2025-10-20 18:19:01',3),(229,28,11,1,'2025-10-24 09:00:00','2025-10-24 10:00:00','scheduled','Visit #225 - lab review','80050',125.00,'2025-10-23 18:19:01',3),(230,29,3,1,'2025-10-25 10:13:00','2025-10-25 11:13:00','canceled','Visit #226 - annual check','90686',147.00,'2025-10-23 18:19:01',3),(231,30,4,1,'2025-10-26 11:26:00','2025-10-26 12:26:00','checked_in','Visit #227 - new symptoms','93000',160.00,'2025-10-23 18:19:01',3),(232,31,5,1,'2025-10-27 12:39:00','2025-10-27 13:39:00','completed','Visit #228 - annual check','99213',173.00,'2025-10-24 18:19:01',3),(233,32,6,1,'2025-10-28 13:52:00','2025-10-28 14:52:00','no_show','Visit #229 - new symptoms','34',186.00,'2025-10-19 18:19:01',3),(234,33,7,1,'2025-10-29 14:05:00','2025-10-29 15:05:00','scheduled','Visit #230 - follow-up','36415',58.00,'2025-10-21 18:19:01',3),(235,34,8,1,'2025-10-30 15:18:00','2025-10-30 16:18:00','canceled','Visit #231 - medication consult','80050',71.00,'2025-10-22 18:19:01',3),(236,35,9,1,'2025-10-31 16:31:00','2025-10-31 17:31:00','checked_in','Visit #232 - follow-up','90686',84.00,'2025-10-24 18:19:01',3),(237,36,10,1,'2025-11-01 09:44:00','2025-11-01 10:44:00','completed','Visit #233 - annual check','93000',97.00,'2025-10-19 18:19:01',3),(238,37,11,1,'2025-11-02 10:57:00','2025-11-02 11:57:00','no_show','Visit #234 - lab review','99213',110.00,'2025-10-20 18:19:01',3),(239,38,3,1,'2025-11-03 11:10:00','2025-11-03 12:10:00','scheduled','Visit #235 - new symptoms','34',132.00,'2025-10-20 18:19:01',3),(240,39,4,1,'2025-11-04 12:23:00','2025-11-04 13:23:00','canceled','Visit #236 - lab review','36415',145.00,'2025-10-22 18:19:01',3),(241,40,5,1,'2025-11-05 13:36:00','2025-11-05 14:36:00','checked_in','Visit #237 - follow-up','80050',158.00,'2025-10-20 18:19:01',3),(242,41,6,1,'2025-11-06 14:49:00','2025-11-06 15:49:00','completed','Visit #238 - follow-up','90686',171.00,'2025-10-19 18:19:01',3),(243,42,7,1,'2025-11-07 15:02:00','2025-11-07 16:02:00','no_show','Visit #239 - follow-up','93000',193.00,'2025-10-24 18:19:01',3),(244,43,8,1,'2025-11-08 16:15:00','2025-11-08 17:15:00','scheduled','Visit #240 - lab review','99213',56.00,'2025-10-22 18:19:01',3),(245,44,9,1,'2025-11-09 09:28:00','2025-11-09 10:28:00','canceled','Visit #241 - medication consult','34',69.00,'2025-10-23 18:19:01',3),(246,45,10,1,'2025-11-10 10:41:00','2025-11-10 11:41:00','checked_in','Visit #242 - medication consult','36415',82.00,'2025-10-24 18:19:01',3),(247,46,11,1,'2025-11-11 11:54:00','2025-11-11 12:54:00','completed','Visit #243 - medication consult','80050',95.00,'2025-10-23 18:19:01',3),(248,47,3,1,'2025-11-12 12:07:00','2025-11-12 13:07:00','no_show','Visit #244 - annual check','90686',117.00,'2025-10-21 18:19:01',3),(249,48,4,1,'2025-11-13 13:20:00','2025-11-13 14:20:00','scheduled','Visit #245 - new symptoms','93000',130.00,'2025-10-19 18:19:01',3),(250,49,5,1,'2025-11-14 14:33:00','2025-11-14 15:33:00','canceled','Visit #246 - new symptoms','99213',143.00,'2025-10-23 18:19:01',3),(251,50,6,1,'2025-11-15 15:46:00','2025-11-15 16:46:00','checked_in','Visit #247 - medication consult','34',156.00,'2025-10-19 18:19:01',3),(252,51,7,1,'2025-11-16 16:59:00','2025-11-16 17:59:00','completed','Visit #248 - annual check','36415',178.00,'2025-10-21 18:19:01',3),(253,52,8,1,'2025-11-17 09:12:00','2025-11-17 10:12:00','no_show','Visit #249 - follow-up','80050',191.00,'2025-10-23 18:19:01',3),(254,53,9,1,'2025-11-18 10:25:00','2025-11-18 11:25:00','scheduled','Visit #250 - follow-up','90686',54.00,'2025-10-22 18:19:01',3),(255,54,10,1,'2025-11-19 11:38:00','2025-11-19 12:38:00','canceled','Visit #251 - medication consult','93000',67.00,'2025-10-22 18:19:01',3),(256,55,11,1,'2025-11-20 12:51:00','2025-11-20 13:51:00','checked_in','Visit #252 - new symptoms','99213',80.00,'2025-10-22 18:19:01',3),(257,56,3,1,'2025-11-21 13:04:00','2025-11-21 14:04:00','completed','Visit #253 - medication consult','34',102.00,'2025-10-23 18:19:01',3),(258,57,4,1,'2025-11-22 14:17:00','2025-11-22 15:17:00','no_show','Visit #254 - lab review','36415',115.00,'2025-10-23 18:19:01',3),(259,58,5,1,'2025-11-23 15:30:00','2025-11-23 16:30:00','scheduled','Visit #255 - annual check','80050',128.00,'2025-10-24 18:19:01',3),(260,59,6,1,'2025-11-24 16:43:00','2025-11-24 17:43:00','canceled','Visit #256 - annual check','90686',141.00,'2025-10-23 18:19:01',3),(261,60,7,1,'2025-11-25 09:56:00','2025-11-25 10:56:00','checked_in','Visit #257 - follow-up','93000',163.00,'2025-10-24 18:19:01',3),(262,61,8,1,'2025-11-26 10:09:00','2025-11-26 11:09:00','completed','Visit #258 - new symptoms','99213',176.00,'2025-10-23 18:19:01',3),(263,62,9,1,'2025-11-27 11:22:00','2025-11-27 12:22:00','no_show','Visit #259 - medication consult','34',189.00,'2025-10-19 18:19:01',3),(264,63,10,1,'2025-11-28 12:35:00','2025-11-28 13:35:00','scheduled','Visit #260 - new symptoms','36415',52.00,'2025-10-24 18:19:01',3),(265,64,11,1,'2025-11-29 13:48:00','2025-11-29 14:48:00','canceled','Visit #261 - follow-up','80050',65.00,'2025-10-23 18:19:01',3),(266,65,3,1,'2025-11-30 14:01:00','2025-11-30 15:01:00','checked_in','Visit #262 - lab review','90686',87.00,'2025-10-20 18:19:01',3),(267,66,4,1,'2025-12-01 15:14:00','2025-12-01 16:14:00','completed','Visit #263 - annual check','93000',100.00,'2025-10-19 18:19:01',3),(268,67,5,1,'2025-12-02 16:27:00','2025-12-02 17:27:00','no_show','Visit #264 - lab review','99213',113.00,'2025-10-21 18:19:01',3),(269,68,6,1,'2025-12-03 09:40:00','2025-12-03 10:40:00','scheduled','Visit #265 - lab review','34',126.00,'2025-10-24 18:19:01',3),(270,69,7,1,'2025-12-04 10:53:00','2025-12-04 11:53:00','canceled','Visit #266 - lab review','36415',148.00,'2025-10-22 18:19:01',3),(271,70,8,1,'2025-12-05 11:06:00','2025-12-05 12:06:00','checked_in','Visit #267 - annual check','80050',161.00,'2025-10-22 18:19:01',3),(272,71,9,1,'2025-12-06 12:19:00','2025-12-06 13:19:00','completed','Visit #268 - follow-up','90686',174.00,'2025-10-22 18:19:01',3),(273,72,10,1,'2025-12-07 13:32:00','2025-12-07 14:32:00','no_show','Visit #269 - lab review','93000',187.00,'2025-10-19 18:19:01',3),(274,73,11,1,'2025-10-24 09:00:00','2025-10-24 10:00:00','scheduled','Visit #270 - annual check','99213',50.00,'2025-10-23 18:19:01',3),(275,74,3,1,'2025-10-25 10:13:00','2025-10-25 11:13:00','canceled','Visit #271 - medication consult','34',72.00,'2025-10-19 18:19:01',3),(276,75,4,1,'2025-10-26 11:26:00','2025-10-26 12:26:00','checked_in','Visit #272 - new symptoms','36415',85.00,'2025-10-23 18:19:01',3),(277,76,5,1,'2025-10-27 12:39:00','2025-10-27 13:39:00','completed','Visit #273 - annual check','80050',98.00,'2025-10-21 18:19:01',3),(278,77,6,1,'2025-10-28 13:52:00','2025-10-28 14:52:00','no_show','Visit #274 - medication consult','90686',111.00,'2025-10-24 18:19:01',3),(279,78,7,1,'2025-10-29 14:05:00','2025-10-29 15:05:00','scheduled','Visit #275 - annual check','93000',133.00,'2025-10-24 18:19:01',3),(280,79,8,1,'2025-10-30 15:18:00','2025-10-30 16:18:00','canceled','Visit #276 - follow-up','99213',146.00,'2025-10-20 18:19:01',3),(281,80,9,1,'2025-10-31 16:31:00','2025-10-31 17:31:00','checked_in','Visit #277 - follow-up','34',159.00,'2025-10-20 18:19:01',3),(282,81,10,1,'2025-11-01 09:44:00','2025-11-01 10:44:00','completed','Visit #278 - follow-up','36415',172.00,'2025-10-23 18:19:01',3),(283,82,11,1,'2025-11-02 10:57:00','2025-11-02 11:57:00','no_show','Visit #279 - follow-up','80050',185.00,'2025-10-20 18:19:01',3),(284,83,3,1,'2025-11-03 11:10:00','2025-11-03 12:10:00','scheduled','Visit #280 - new symptoms','90686',57.00,'2025-10-24 18:19:01',3),(285,84,4,1,'2025-11-04 12:23:00','2025-11-04 13:23:00','canceled','Visit #281 - follow-up','93000',70.00,'2025-10-19 18:19:01',3),(286,85,5,1,'2025-11-05 13:36:00','2025-11-05 14:36:00','checked_in','Visit #282 - medication consult','99213',83.00,'2025-10-23 18:19:01',3),(287,86,6,1,'2025-11-06 14:49:00','2025-11-06 15:49:00','completed','Visit #283 - follow-up','34',96.00,'2025-10-23 18:19:01',3),(288,87,7,1,'2025-11-07 15:02:00','2025-11-07 16:02:00','no_show','Visit #284 - follow-up','36415',118.00,'2025-10-20 18:19:01',3),(289,88,8,1,'2025-11-08 16:15:00','2025-11-08 17:15:00','scheduled','Visit #285 - lab review','80050',131.00,'2025-10-24 18:19:01',3),(290,89,9,1,'2025-11-09 09:28:00','2025-11-09 10:28:00','canceled','Visit #286 - lab review','90686',144.00,'2025-10-20 18:19:01',3),(291,90,10,1,'2025-11-10 10:41:00','2025-11-10 11:41:00','checked_in','Visit #287 - follow-up','93000',157.00,'2025-10-23 18:19:01',3),(292,91,11,1,'2025-11-11 11:54:00','2025-11-11 12:54:00','completed','Visit #288 - annual check','99213',170.00,'2025-10-19 18:19:01',3),(293,92,3,1,'2025-11-12 12:07:00','2025-11-12 13:07:00','no_show','Visit #289 - follow-up','34',192.00,'2025-10-23 18:19:01',3),(294,93,4,1,'2025-11-13 13:20:00','2025-11-13 14:20:00','scheduled','Visit #290 - follow-up','36415',55.00,'2025-10-19 18:19:01',3),(295,94,5,1,'2025-11-14 14:33:00','2025-11-14 15:33:00','canceled','Visit #291 - new symptoms','80050',68.00,'2025-10-22 18:19:01',3),(296,95,6,1,'2025-11-15 15:46:00','2025-11-15 16:46:00','checked_in','Visit #292 - medication consult','90686',81.00,'2025-10-23 18:19:01',3),(297,96,7,1,'2025-11-16 16:59:00','2025-11-16 17:59:00','completed','Visit #293 - follow-up','93000',103.00,'2025-10-21 18:19:01',3),(298,97,8,1,'2025-11-17 09:12:00','2025-11-17 10:12:00','no_show','Visit #294 - new symptoms','99213',116.00,'2025-10-21 18:19:01',3),(299,98,9,1,'2025-11-18 10:25:00','2025-11-18 11:25:00','scheduled','Visit #295 - annual check','34',129.00,'2025-10-22 18:19:01',3),(300,99,10,1,'2025-11-19 11:38:00','2025-11-19 12:38:00','canceled','Visit #296 - medication consult','36415',142.00,'2025-10-23 18:19:01',3),(301,100,11,1,'2025-11-20 12:51:00','2025-11-20 13:51:00','checked_in','Visit #297 - follow-up','80050',155.00,'2025-10-19 18:19:01',3),(302,2,3,1,'2025-11-21 13:04:00','2025-11-21 14:04:00','completed','Visit #298 - medication consult','90686',177.00,'2025-10-19 18:19:01',3),(303,3,4,1,'2025-11-22 14:17:00','2025-11-22 15:17:00','no_show','Visit #299 - annual check','93000',190.00,'2025-10-19 18:19:01',3),(304,4,5,1,'2025-11-23 15:30:00','2025-11-23 16:30:00','scheduled','Visit #300 - follow-up','99213',53.00,'2025-10-21 18:19:01',3);
/*!40000 ALTER TABLE `appointment` ENABLE KEYS */;
UNLOCK TABLES;

--
-- Table structure for table `appointment_statuses`
--

DROP TABLE IF EXISTS `appointment_statuses`;
/*!40101 SET @saved_cs_client     = @@character_set_client */;
/*!50503 SET character_set_client = utf8mb4 */;
CREATE TABLE `appointment_statuses` (
  `code` varchar(255) NOT NULL,
  `display` varchar(255) DEFAULT NULL,
  PRIMARY KEY (`code`)
) ENGINE=InnoDB DEFAULT CHARSET=utf8mb4 COLLATE=utf8mb4_0900_ai_ci;
/*!40101 SET character_set_client = @saved_cs_client */;

--
-- Dumping data for table `appointment_statuses`
--

LOCK TABLES `appointment_statuses` WRITE;
/*!40000 ALTER TABLE `appointment_statuses` DISABLE KEYS */;
INSERT INTO `appointment_statuses` VALUES ('canceled','Canceled'),('checked_in','Checked in'),('completed','Completed'),('no_show','No-show'),('scheduled','Scheduled');
/*!40000 ALTER TABLE `appointment_statuses` ENABLE KEYS */;
UNLOCK TABLES;

--
-- Table structure for table `doctor`
--

DROP TABLE IF EXISTS `doctor`;
/*!40101 SET @saved_cs_client     = @@character_set_client */;
/*!50503 SET character_set_client = utf8mb4 */;
CREATE TABLE `doctor` (
  `doctor_id` int NOT NULL AUTO_INCREMENT,
  `ssn` char(9) NOT NULL,
  `license_no` varchar(50) NOT NULL,
  `gender` int DEFAULT NULL,
  `doc_fname` varchar(255) NOT NULL,
  `doc_lname` varchar(255) NOT NULL,
  `phone` varchar(255) DEFAULT NULL,
  `email` varchar(255) DEFAULT NULL,
  `availability` tinyint(1) DEFAULT NULL,
  `created_at` datetime DEFAULT NULL,
  `created_by` int DEFAULT NULL,
  `doc_minit` varchar(1) DEFAULT NULL,
  PRIMARY KEY (`doctor_id`),
  UNIQUE KEY `ssn` (`ssn`),
  KEY `doctor_staff` (`created_by`),
  CONSTRAINT `doctor_staff` FOREIGN KEY (`created_by`) REFERENCES `staff` (`staff_id`) ON DELETE SET NULL
) ENGINE=InnoDB AUTO_INCREMENT=12 DEFAULT CHARSET=utf8mb4 COLLATE=utf8mb4_0900_ai_ci;
/*!40101 SET character_set_client = @saved_cs_client */;

--
-- Dumping data for table `doctor`
--

LOCK TABLES `doctor` WRITE;
/*!40000 ALTER TABLE `doctor` DISABLE KEYS */;
INSERT INTO `doctor` VALUES (2,'123456789','TX-ABC-100',NULL,'Alice','Smith',NULL,'drsmith@example.com',NULL,'2025-10-22 19:00:17',NULL,NULL),(3,'200000001','TX-LIC-001',2,'Jonathan','Russell','5551251029','doc1@example.com',1,'2025-10-23 18:18:51',NULL,'B'),(4,'200000002','TX-LIC-002',3,'Brian','Carter','5559366727','doc2@example.com',1,'2025-10-19 18:18:51',NULL,'C'),(5,'200000003','TX-LIC-003',3,'Adam','Schmidt','5557349385','doc3@example.com',1,'2025-10-24 18:18:51',NULL,'D'),(6,'200000004','TX-LIC-004',3,'Ryan','Robinson','5559734356','doc4@example.com',1,'2025-10-24 18:18:51',NULL,'E'),(7,'200000005','TX-LIC-005',2,'Peter','Jones','5555493353','doc5@example.com',1,'2025-10-15 18:18:51',NULL,'F'),(8,'200000006','TX-LIC-006',3,'Gloria','Oconnor','5556756147','doc6@example.com',1,'2025-10-18 18:18:51',NULL,'G'),(9,'200000007','TX-LIC-007',1,'Teresa','Davis','5551400341','doc7@example.com',1,'2025-10-17 18:18:51',NULL,'H'),(10,'200000008','TX-LIC-008',NULL,'Allison','Williams','5558658133','doc8@example.com',1,'2025-10-16 18:18:51',NULL,'I'),(11,'200000009','TX-LIC-009',1,'Danielle','Zimmerman','5554119876','doc9@example.com',1,'2025-10-14 18:18:51',NULL,'J');
/*!40000 ALTER TABLE `doctor` ENABLE KEYS */;
UNLOCK TABLES;

--
-- Table structure for table `doctor_office`
--

DROP TABLE IF EXISTS `doctor_office`;
/*!40101 SET @saved_cs_client     = @@character_set_client */;
/*!50503 SET character_set_client = utf8mb4 */;
CREATE TABLE `doctor_office` (
  `id` int NOT NULL AUTO_INCREMENT,
  `doctor_id` int DEFAULT NULL,
  `office_id` int DEFAULT NULL,
  `created_at` datetime DEFAULT NULL,
  `created_by` int DEFAULT NULL,
  PRIMARY KEY (`id`),
  KEY `provider_id` (`doctor_id`),
  KEY `location_id` (`office_id`),
  KEY `doc_office_staff` (`created_by`),
  CONSTRAINT `doc_office_staff` FOREIGN KEY (`created_by`) REFERENCES `staff` (`staff_id`) ON DELETE SET NULL,
  CONSTRAINT `doctor_office_ibfk_1` FOREIGN KEY (`doctor_id`) REFERENCES `doctor` (`doctor_id`),
  CONSTRAINT `doctor_office_ibfk_2` FOREIGN KEY (`office_id`) REFERENCES `office` (`office_id`)
) ENGINE=InnoDB DEFAULT CHARSET=utf8mb4 COLLATE=utf8mb4_0900_ai_ci;
/*!40101 SET character_set_client = @saved_cs_client */;

--
-- Dumping data for table `doctor_office`
--

LOCK TABLES `doctor_office` WRITE;
/*!40000 ALTER TABLE `doctor_office` DISABLE KEYS */;
/*!40000 ALTER TABLE `doctor_office` ENABLE KEYS */;
UNLOCK TABLES;

--
-- Table structure for table `emergency_contact`
--

DROP TABLE IF EXISTS `emergency_contact`;
/*!40101 SET @saved_cs_client     = @@character_set_client */;
/*!50503 SET character_set_client = utf8mb4 */;
CREATE TABLE `emergency_contact` (
  `patient_id` int DEFAULT NULL,
  `first_name` varchar(255) DEFAULT NULL,
  `last_name` varchar(255) DEFAULT NULL,
  `phone` varchar(255) DEFAULT NULL,
  `relationship` varchar(255) DEFAULT NULL,
  `econtact_id` int NOT NULL AUTO_INCREMENT,
  PRIMARY KEY (`econtact_id`),
  KEY `econtact_patient` (`patient_id`),
  CONSTRAINT `econtact_patient` FOREIGN KEY (`patient_id`) REFERENCES `patient` (`patient_id`) ON DELETE CASCADE
) ENGINE=InnoDB DEFAULT CHARSET=utf8mb4 COLLATE=utf8mb4_0900_ai_ci;
/*!40101 SET character_set_client = @saved_cs_client */;

--
-- Dumping data for table `emergency_contact`
--

LOCK TABLES `emergency_contact` WRITE;
/*!40000 ALTER TABLE `emergency_contact` DISABLE KEYS */;
/*!40000 ALTER TABLE `emergency_contact` ENABLE KEYS */;
UNLOCK TABLES;

--
-- Table structure for table `insurance`
--

DROP TABLE IF EXISTS `insurance`;
/*!40101 SET @saved_cs_client     = @@character_set_client */;
/*!50503 SET character_set_client = utf8mb4 */;
CREATE TABLE `insurance` (
  `patient_id` int DEFAULT NULL,
  `provider` varchar(255) DEFAULT NULL,
  `policy_no` varchar(255) DEFAULT NULL,
  `group_no` varchar(255) DEFAULT NULL,
  `plan_name` varchar(255) DEFAULT NULL,
  `effective_start` date DEFAULT NULL,
  `effective_end` date DEFAULT NULL,
  `created_at` datetime DEFAULT NULL,
  `created_by` int DEFAULT NULL,
  `insurance_id` int NOT NULL AUTO_INCREMENT,
  PRIMARY KEY (`insurance_id`),
  KEY `created_by` (`created_by`),
  KEY `insurance_patient` (`patient_id`),
  CONSTRAINT `insurance_patient` FOREIGN KEY (`patient_id`) REFERENCES `patient` (`patient_id`) ON DELETE CASCADE
) ENGINE=InnoDB DEFAULT CHARSET=utf8mb4 COLLATE=utf8mb4_0900_ai_ci;
/*!40101 SET character_set_client = @saved_cs_client */;

--
-- Dumping data for table `insurance`
--

LOCK TABLES `insurance` WRITE;
/*!40000 ALTER TABLE `insurance` DISABLE KEYS */;
/*!40000 ALTER TABLE `insurance` ENABLE KEYS */;
UNLOCK TABLES;

--
-- Table structure for table `login`
--

DROP TABLE IF EXISTS `login`;
/*!40101 SET @saved_cs_client     = @@character_set_client */;
/*!50503 SET character_set_client = utf8mb4 */;
CREATE TABLE `login` (
  `user_id` bigint unsigned NOT NULL,
  `email` varchar(255) NOT NULL,
  `password` varchar(255) NOT NULL,
  `role` enum('PATIENT','DOCTOR','STAFF') NOT NULL,
  `created_at` datetime NOT NULL DEFAULT CURRENT_TIMESTAMP,
  `updated_at` datetime NOT NULL DEFAULT CURRENT_TIMESTAMP ON UPDATE CURRENT_TIMESTAMP,
  PRIMARY KEY (`role`,`user_id`),
  UNIQUE KEY `uq_users_email` (`email`)
) ENGINE=InnoDB DEFAULT CHARSET=utf8mb4 COLLATE=utf8mb4_0900_ai_ci;
/*!40101 SET character_set_client = @saved_cs_client */;

--
-- Dumping data for table `login`
--

LOCK TABLES `login` WRITE;
/*!40000 ALTER TABLE `login` DISABLE KEYS */;
INSERT INTO `login` VALUES (1,'john@example.com','$argon2id$v=19$m=65536,t=3,p=4$ZtXCnxRykFD/qFrdtWj4zA$4M39WCDtL4GVgMA79h4MOQQjiSboX6dII6kzFq9gH7w','PATIENT','2025-10-22 18:56:58','2025-10-22 18:56:58'),(2,'msilva@clinic.com','$argon2id$v=19$m=65536,t=3,p=4$5eaKGUVg7nTbvFU6f2Y5eQ$DkgxhH1Kbh/b/JnWXTHWiOikvUXuxV0nwgAc/GeZH00','PATIENT','2025-10-24 23:19:01','2025-10-24 23:19:01'),(3,'syoung@clinic.com','$argon2id$v=19$m=65536,t=3,p=4$BiuEtbH0DQKv5YbVAzvm+Q$9daOGQ8ONt32z5pEtSuRT3a2frv6afTVtZ4PY3lxxko','PATIENT','2025-10-24 23:19:01','2025-10-24 23:19:01'),(4,'jbraun@clinic.com','$argon2id$v=19$m=65536,t=3,p=4$mXwjWjy5LuYosIbs22LSzQ$+2ZBRrgG6vEEwyVTO9Cx+o0qbzO2CnB9HQ0wM/0mJpo','PATIENT','2025-10-24 23:19:01','2025-10-24 23:19:01'),(5,'adunlap@clinic.com','$argon2id$v=19$m=65536,t=3,p=4$NP1pz9I72ktbs1/hiAbZcQ$J3GXargMAYOUpJuKa+rowzvfncltc01MXvCTbn9JwrQ','PATIENT','2025-10-24 23:19:01','2025-10-24 23:19:01'),(6,'agoodwin@clinic.com','$argon2id$v=19$m=65536,t=3,p=4$5VwHC0KRxQp8NHJseicLMw$SfXYhEy8yvTx8PZIkFfcpGa4vS3SpaAEws7w3qrX6zw','PATIENT','2025-10-24 23:19:01','2025-10-24 23:19:01'),(7,'jhernandez@clinic.com','$argon2id$v=19$m=65536,t=3,p=4$tpZBqFLCMM9lrX6hXBRDXA$Q7RYEWKZYG1t6M0VNqLvMcJMJ3VV1AP6zd1Bg3fS+30','PATIENT','2025-10-24 23:19:01','2025-10-24 23:19:01'),(8,'rhernandez@clinic.com','$argon2id$v=19$m=65536,t=3,p=4$Sx5+8ZeqqmegHbvw2nkDPg$8WHjdKJzjNA0vbKBNBR123m9EC+1atQQIg49LzELXGU','PATIENT','2025-10-24 23:19:01','2025-10-24 23:19:01'),(9,'dmiranda@clinic.com','$argon2id$v=19$m=65536,t=3,p=4$NH2rQ84bZDLfWW39/y0sGw$Aoqmmg1ouS4/exkXtOyenwQLexgY4QMHIsFcHW7LJBA','PATIENT','2025-10-24 23:19:01','2025-10-24 23:19:01'),(10,'cayers@clinic.com','$argon2id$v=19$m=65536,t=3,p=4$QCTvX9j6HpPs1BsOtgY4JA$dKn2OlqlOMwXeK3mN9iBTayd3bKCGhXHK+jpRQ/cjIc','PATIENT','2025-10-24 23:19:01','2025-10-24 23:19:01'),(11,'kmiller@clinic.com','$argon2id$v=19$m=65536,t=3,p=4$NUIZp7hYDP2ny1yeDlM2Zw$KLcNNX1KMTbsy/p3eIG43+u5EGzY5I0EFX/8uw77uVA','PATIENT','2025-10-24 23:19:01','2025-10-24 23:19:01'),(12,'jglenn@clinic.com','$argon2id$v=19$m=65536,t=3,p=4$LekCUqlhI4Rwacbmx/1YqA$2n9LHacxJPcanqUm3w9K93EB2myLmyLcVKg4XDUfJFE','PATIENT','2025-10-24 23:19:01','2025-10-24 23:19:01'),(13,'mrichardson@clinic.com','$argon2id$v=19$m=65536,t=3,p=4$7fsUp8azto2YVhQThCYHGw$70nXcX1+eXtgDOlXxUZV3kONS1SE9Sl9p2ml5kTjuXQ','PATIENT','2025-10-24 23:19:01','2025-10-24 23:19:01'),(14,'jparsons@clinic.com','$argon2id$v=19$m=65536,t=3,p=4$0P3Ppxh/CRqjRa40Mue7+g$9iq+ae9A++o/657DOTHefFNVo9R+6+WRBpHc9ShZCYw','PATIENT','2025-10-24 23:19:01','2025-10-24 23:19:01'),(15,'sdavis@clinic.com','$argon2id$v=19$m=65536,t=3,p=4$b+c8vB2cP8iHwuuSr4MpuA$yOlYW//rdw/KmXsMeV3OQsHuyVsf+PJuMvS3SnMSC4I','PATIENT','2025-10-24 23:19:01','2025-10-24 23:19:01'),(16,'sbrown@clinic.com','$argon2id$v=19$m=65536,t=3,p=4$A0Y9ryIvZ/IRMw/pADk78A$MgvPg0fhBydjlgiTifTg6P6/0sKSJwCs/U855TgmcvM','PATIENT','2025-10-24 23:19:01','2025-10-24 23:19:01'),(17,'znolan@clinic.com','$argon2id$v=19$m=65536,t=3,p=4$IrBaZs42/ISoJrc8zhmfEg$oXzTlX0vd/h8b5N904eZ32Tvt64bvSslhAQPvL31V7A','PATIENT','2025-10-24 23:19:01','2025-10-24 23:19:01'),(18,'kfarmer@clinic.com','$argon2id$v=19$m=65536,t=3,p=4$HFi38MrtxPWsu4eXPtq6pA$AQLbnUhk4IbBFVArldiiJQ6UCHkKchY1AFNg++ApykQ','PATIENT','2025-10-24 23:19:01','2025-10-24 23:19:01'),(19,'sdavis2@clinic.com','$argon2id$v=19$m=65536,t=3,p=4$mbizcGc79z45Iuj4+v+djg$ndYaL/Z8zokEZGoUhN/onEG5uoxj+Y6ondopppLOO90','PATIENT','2025-10-24 23:19:01','2025-10-24 23:19:01'),(20,'tzimmerman@clinic.com','$argon2id$v=19$m=65536,t=3,p=4$basVpql142v1FuAzG4fZtA$IZH4AAnfqNiPcFicvdD6Lfl094jXtyiBOo5T3/M1CBU','PATIENT','2025-10-24 23:19:01','2025-10-24 23:19:01'),(21,'dbanks@clinic.com','$argon2id$v=19$m=65536,t=3,p=4$TV5fw60dmDhgMOlZOtfAvg$G9svokckxfumNwRtii+g/FdwQj5ZgNjD/zvXfoPxI5M','PATIENT','2025-10-24 23:19:01','2025-10-24 23:19:01'),(22,'sbennett@clinic.com','$argon2id$v=19$m=65536,t=3,p=4$kZ1C5uhTU0mhsadLSvbXHA$ipvav3z31PxpUQi5+/1JErMRiKtfztV93d+/jQvxauk','PATIENT','2025-10-24 23:19:01','2025-10-24 23:19:01'),(23,'cmcclain@clinic.com','$argon2id$v=19$m=65536,t=3,p=4$vOlDcstBvOdnyFFYPe0bBA$9xTT+MW/Wtqjegbr4L1Bc5Ot1MQ6VSfogESheB+CYEw','PATIENT','2025-10-24 23:19:01','2025-10-24 23:19:01'),(24,'egonzalez@clinic.com','$argon2id$v=19$m=65536,t=3,p=4$znFLq4f4EO6kG5i1/bqwTQ$uZPtbRb3iZcXOnMOTACrWOnIC7BUUrhisS37W51Nmbg','PATIENT','2025-10-24 23:19:01','2025-10-24 23:19:01'),(25,'cmathis@clinic.com','$argon2id$v=19$m=65536,t=3,p=4$M2Y7NC9TaBR9tJgtzPknQA$gbUXymQkE+yWvKmHu8tpu6KF84XbPKcUWoINIO20lZQ','PATIENT','2025-10-24 23:19:01','2025-10-24 23:19:01'),(26,'cwilliams@clinic.com','$argon2id$v=19$m=65536,t=3,p=4$of/oOdHTt7ahennDZFZf+g$GpGItA+MBBj+O8gxM9b0c1edVLx7V/nqCCQeLcxN8sE','PATIENT','2025-10-24 23:19:01','2025-10-24 23:19:01'),(27,'jparker@clinic.com','$argon2id$v=19$m=65536,t=3,p=4$8Z+vwqL3uvtmP9RaQ+Idhg$wLB4BpiXND0LDtDsMk6XI44u9PfYXe99TyYcfT6Mi7A','PATIENT','2025-10-24 23:19:01','2025-10-24 23:19:01'),(28,'cclark@clinic.com','$argon2id$v=19$m=65536,t=3,p=4$IcWvclIV1i7aELL38Bg+NA$62bVS89VxcHLHCZ+5K0bS3DmPe8XxQh9dB0N43u12pU','PATIENT','2025-10-24 23:19:01','2025-10-24 23:19:01'),(29,'jbooth@clinic.com','$argon2id$v=19$m=65536,t=3,p=4$Q+KjD+LuoHQ6AWYvt2AbTg$kZSIfseuKF5R+gctKsIJtBxEIILOxf3ZDMsss2O+eBI','PATIENT','2025-10-24 23:19:01','2025-10-24 23:19:01'),(30,'tdavis@clinic.com','$argon2id$v=19$m=65536,t=3,p=4$yazhjkzILMRB8i9NCPR/pw$oWsjESYHG9HPa98xwEth6zQlTMVQYznD6hR0a83jDKs','PATIENT','2025-10-24 23:19:01','2025-10-24 23:19:01'),(31,'jmack@clinic.com','$argon2id$v=19$m=65536,t=3,p=4$VplrVCdJdkXNCSLypK/Wkg$Iwxu6dFc39Wppvr23UuHo+brLVtTgfXSIjDxi51x0cE','PATIENT','2025-10-24 23:19:01','2025-10-24 23:19:01'),(32,'esalazar@clinic.com','$argon2id$v=19$m=65536,t=3,p=4$fcmrbBYiPFFFXn0Wslv3Dw$VfqFyMecTan7TGxaJGig1Jz5xZtEdookt4x7oKn5mVc','PATIENT','2025-10-24 23:19:01','2025-10-24 23:19:01'),(33,'mmiller@clinic.com','$argon2id$v=19$m=65536,t=3,p=4$F7pq48OlUwY0RjWktCnOvA$/u2H1syhTzBf6GNe0iQdZSfgGNqjRl3O8eBQbIljEyA','PATIENT','2025-10-24 23:19:01','2025-10-24 23:19:01'),(34,'jmelendez@clinic.com','$argon2id$v=19$m=65536,t=3,p=4$UPi33h/cvYY1My+qYLibxg$WfJddgqkAslsiZO7FIlNICK31+iyjBBfppqF0FSm3sA','PATIENT','2025-10-24 23:19:01','2025-10-24 23:19:01'),(35,'cstephens@clinic.com','$argon2id$v=19$m=65536,t=3,p=4$fpMCdV7NrMN2dthW48rPJg$NP7M2nOpiwuQDJGlTGGy39W/g3qdilZ8VbmDfzWIc88','PATIENT','2025-10-24 23:19:01','2025-10-24 23:19:01'),(36,'dwilliams@clinic.com','$argon2id$v=19$m=65536,t=3,p=4$2Qi+FP/EEiShlxPSA0eDQA$4R4192ADLIq3QU2mqeRffIy/u76dB+d1/xqkXOrtKXA','PATIENT','2025-10-24 23:19:01','2025-10-24 23:19:01'),(37,'mmcdonald@clinic.com','$argon2id$v=19$m=65536,t=3,p=4$nSjqiUeFxR9iF+mNQSPBPg$1c8vc5IWzEBKiq5nMUIZfl6hQGD2yhAH8CN00Il5e+o','PATIENT','2025-10-24 23:19:01','2025-10-24 23:19:01'),(38,'dnguyen@clinic.com','$argon2id$v=19$m=65536,t=3,p=4$dBRey/MSSNyG4ghB7ouVFA$2u04xfhaUXIhU1JPcV8BnHKJNYulghNdJ+OIoANjPtU','PATIENT','2025-10-24 23:19:01','2025-10-24 23:19:01'),(39,'bsullivan@clinic.com','$argon2id$v=19$m=65536,t=3,p=4$2tQB94KLmsBNU429NxQd8A$NqCKBPIkWuuhnDoUkbJ8A3mlfIe7Gkt1z258I+J1G1Y','PATIENT','2025-10-24 23:19:01','2025-10-24 23:19:01'),(40,'kodonnell@clinic.com','$argon2id$v=19$m=65536,t=3,p=4$9JV9I67gc5iSWrBvO74Evw$I9zQFvEoPCAMqz3yiMDX5/A97Dz07hmvGs6kf5rxAlQ','PATIENT','2025-10-24 23:19:01','2025-10-24 23:19:01'),(41,'rgraves@clinic.com','$argon2id$v=19$m=65536,t=3,p=4$Bp9PTf1bUpnbJRJq13k9qA$/HtNRZDydUbzR8v58lLj9s3pO7Q7Z6pJ4BKnIl+Q0zo','PATIENT','2025-10-24 23:19:01','2025-10-24 23:19:01'),(42,'kbenson@clinic.com','$argon2id$v=19$m=65536,t=3,p=4$SuyXCYqMuIjsAoWhhyRHvw$FhChqxWpNX8gNVQ5Sg6DsDfjYljc/fvt71w54hys17Y','PATIENT','2025-10-24 23:19:01','2025-10-24 23:19:01'),(43,'afisher@clinic.com','$argon2id$v=19$m=65536,t=3,p=4$nTKdQdQdVOvMN7nSrhC96Q$9y8IGo64J0QauwelnC5clvEr9WWQiFgDpCRpI2JkLXM','PATIENT','2025-10-24 23:19:01','2025-10-24 23:19:01'),(44,'jgarcia@clinic.com','$argon2id$v=19$m=65536,t=3,p=4$5XubMNqhOs/78AdCp9KUQw$0WggfzsPPWAvMOhAhZDQVeg5apb9oNF9YnQ0/1GyGR8','PATIENT','2025-10-24 23:19:01','2025-10-24 23:19:01'),(45,'ngordon@clinic.com','$argon2id$v=19$m=65536,t=3,p=4$1fCSe1yF4fO6GrwdFzLYeg$P//HIiqae3FmzuULdKu59doSIq51t+x5CL5xCEgJ0l4','PATIENT','2025-10-24 23:19:01','2025-10-24 23:19:01'),(46,'abanks@clinic.com','$argon2id$v=19$m=65536,t=3,p=4$Otl3BpLTh6KHE1PxZUZm5w$+Yx7655gUbhTcghVtZq5Pg/a7yqsVcUxceO140/HPtY','PATIENT','2025-10-24 23:19:01','2025-10-24 23:19:01'),(47,'mbaker@clinic.com','$argon2id$v=19$m=65536,t=3,p=4$j2ga1XLjYGOFyTCBarv3lw$3FN45mfYrED0uAtiklm9nspVTzc+O0FEPv93UEGWJdU','PATIENT','2025-10-24 23:19:01','2025-10-24 23:19:01'),(48,'jgutierrez@clinic.com','$argon2id$v=19$m=65536,t=3,p=4$Ml8pT1BOTyjeFiaYDHoKdg$Av3LZfhCjiVZ+xzwZzGxyiS4N0w6tIgi2Pmuxv4Fnu4','PATIENT','2025-10-24 23:19:01','2025-10-24 23:19:01'),(49,'jvalencia@clinic.com','$argon2id$v=19$m=65536,t=3,p=4$1WS3Ala0RdLjzjhmeKyuEQ$jA0FJl29e6CMtW3hzL7mdect4hKf6OMGefxye6YT40Q','PATIENT','2025-10-24 23:19:01','2025-10-24 23:19:01'),(50,'drobles@clinic.com','$argon2id$v=19$m=65536,t=3,p=4$TAlOzSlitRpTCPJUGsOxCA$Zofo3ec709W8u4BozRCmVX3NpPs8iEVlG+1VVUR9e+0','PATIENT','2025-10-24 23:19:01','2025-10-24 23:19:01'),(51,'syoung2@clinic.com','$argon2id$v=19$m=65536,t=3,p=4$ZwaGNpk1h4ADGXS+4+39EA$4CNBFx4jb/MQD5/sMFApvD5Zsmz4rka3q/p9xJkgGBw','PATIENT','2025-10-24 23:19:01','2025-10-24 23:19:01'),(52,'bfletcher@clinic.com','$argon2id$v=19$m=65536,t=3,p=4$N+fH17eD6cNMS+KbxSKF5w$tZTTDp8Cz/82TJju+gRG8xgLFzOVV94giXY47eHghgQ','PATIENT','2025-10-24 23:19:01','2025-10-24 23:19:01'),(53,'kbrown@clinic.com','$argon2id$v=19$m=65536,t=3,p=4$5VcWETGIJGOshv7YIDa8rw$jIiXFOd7Fm3JhHf5aj0xNcq+B3mk99USy/ygtjWJ7Kk','PATIENT','2025-10-24 23:19:01','2025-10-24 23:19:01'),(54,'jmaldonado@clinic.com','$argon2id$v=19$m=65536,t=3,p=4$mMH2DFKLugnVckGt/Qe5PQ$rTCrl6YMpMe2tc0U+hTTKNOYraMnJb2TgK+yP7ZJyoE','PATIENT','2025-10-24 23:19:01','2025-10-24 23:19:01'),(55,'sgonzalez@clinic.com','$argon2id$v=19$m=65536,t=3,p=4$c9SbbkviNdj6vPrhXjS4DA$MgknpvaziyPc3F87+ZCp6MZl6HZ47xuWacSYm9DZZVM','PATIENT','2025-10-24 23:19:01','2025-10-24 23:19:01'),(56,'cjohnson@clinic.com','$argon2id$v=19$m=65536,t=3,p=4$7vZHzQeaNqZPh34WTwcnvw$GCJc9ct5hL0smqWLyOi8uts9op2EwKwWLOAbByBR6sc','PATIENT','2025-10-24 23:19:01','2025-10-24 23:19:01'),(57,'ecummings@clinic.com','$argon2id$v=19$m=65536,t=3,p=4$cdSQRDw4wqQE1eaE6O2/NA$nRvPt69ScSYKhuYUNMi8EhoCM1TGzpLik/PQFM23w4M','PATIENT','2025-10-24 23:19:01','2025-10-24 23:19:01'),(58,'staylor@clinic.com','$argon2id$v=19$m=65536,t=3,p=4$9xKAEY4XN8njfIx+ob4evw$TF4CmWl9JW0bm6af+tUQ4YUywYxEUVUBTwOXp6VX9i0','PATIENT','2025-10-24 23:19:01','2025-10-24 23:19:01'),(59,'kperez@clinic.com','$argon2id$v=19$m=65536,t=3,p=4$PkcirOVUP+TAT57fIpaZ3g$DD1vnGbMeF/gAM/G6p8xA9jC8ZPA/RmVsxzITJdfevM','PATIENT','2025-10-24 23:19:01','2025-10-24 23:19:01'),(60,'smartinez@clinic.com','$argon2id$v=19$m=65536,t=3,p=4$RCkUEO4MTOvvVabtChJYhg$Zp7o2s7rc1bg1HTtbIgwdIluSlS7gTuR0mLEY/Koim0','PATIENT','2025-10-24 23:19:01','2025-10-24 23:19:01'),(61,'jmiles@clinic.com','$argon2id$v=19$m=65536,t=3,p=4$TcneABEubfF9oCAoCDNrCA$aJpw7RSrBOWt/5IAkkH/TjGC76xGuZeAe5pyUB6bN1A','PATIENT','2025-10-24 23:19:01','2025-10-24 23:19:01'),(62,'tthomas@clinic.com','$argon2id$v=19$m=65536,t=3,p=4$LekU0lIJ32xi7BIPBPOyMg$opmHIIBRguGbE0KdVqBWXqXhzHvuUzyHCmN+Ix67X4o','PATIENT','2025-10-24 23:19:01','2025-10-24 23:19:01'),(63,'kmurphy@clinic.com','$argon2id$v=19$m=65536,t=3,p=4$uoLsvENPXRtAeDMmRFix4g$ZF47CQO3bz4bSdWMLDf1wutsJubRnUaTiOf4HBU4B0k','PATIENT','2025-10-24 23:19:01','2025-10-24 23:19:01'),(64,'slopez@clinic.com','$argon2id$v=19$m=65536,t=3,p=4$/OkYa/YWEeTc1BF0WkOSBQ$H+Bg6XwZYdssdUkKvpcXmItYC+viCT9zibHNnMdEa5g','PATIENT','2025-10-24 23:19:01','2025-10-24 23:19:01'),(65,'dwilson@clinic.com','$argon2id$v=19$m=65536,t=3,p=4$mYvSHfGAS83xO/47n+OCGQ$xMunzC6DM61FBKgH06NkGk7gvLujceEFw5JCW8pwQLU','PATIENT','2025-10-24 23:19:01','2025-10-24 23:19:01'),(66,'wlane@clinic.com','$argon2id$v=19$m=65536,t=3,p=4$9tx0dGcAzzWWmRV5zSDZbg$rTLETc2tEtkLBJubnBr/+9rBR/R1iFF9az9bm2TJJW4','PATIENT','2025-10-24 23:19:01','2025-10-24 23:19:01'),(67,'kelliott@clinic.com','$argon2id$v=19$m=65536,t=3,p=4$PyGNo5+Ttx8eC99SDfZg1g$I1+gyqGuBQtC92ILq5ElHRqru7QwdmPkpZN1rzSWskw','PATIENT','2025-10-24 23:19:01','2025-10-24 23:19:01'),(68,'egomez@clinic.com','$argon2id$v=19$m=65536,t=3,p=4$lFgcp082fJeFdmVQgOEGmA$VHjdGTtIWDUlZ64pIpF8u0VwdgIEwQ/59Zdnt+Zcgto','PATIENT','2025-10-24 23:19:01','2025-10-24 23:19:01'),(69,'ecooper@clinic.com','$argon2id$v=19$m=65536,t=3,p=4$EZQmkt/ufWQjiJpAtsemhQ$ES97TDUlqqjSET+5/cIQoeOTknXEM3v4ki4G8Go92B0','PATIENT','2025-10-24 23:19:01','2025-10-24 23:19:01'),(70,'mdean@clinic.com','$argon2id$v=19$m=65536,t=3,p=4$2T0mGXEIOIKIm/k7fMUQ/g$mmpBGk4fPI5MZHV6Wdd3KzMvVf0rWKf5VUbNALvPbNU','PATIENT','2025-10-24 23:19:01','2025-10-24 23:19:01'),(71,'jwu@clinic.com','$argon2id$v=19$m=65536,t=3,p=4$ZcIh3j4jWhtOxxSl0eyXzg$wSJz+FyFc/4r2SbyMbvszSOG0l1IbtewNcX9mLJqJpg','PATIENT','2025-10-24 23:19:01','2025-10-24 23:19:01'),(72,'cphelps@clinic.com','$argon2id$v=19$m=65536,t=3,p=4$8uy2ynlsw0STvfT8cg1+7g$juBeHzJwoMdZLgSjHvP0/bXG99pzDDnIa5udeuKiAW4','PATIENT','2025-10-24 23:19:01','2025-10-24 23:19:01'),(73,'sstevens@clinic.com','$argon2id$v=19$m=65536,t=3,p=4$+7sZgz6zeXXtGV+wZuI1+g$GCiVYZOahCJlcNaUjgwRld7/8XdPm7lZlIilT8+nAH8','PATIENT','2025-10-24 23:19:01','2025-10-24 23:19:01'),(74,'adickerson@clinic.com','$argon2id$v=19$m=65536,t=3,p=4$Id1r71jQTXYwrLYVc9NPgg$fzuGvMIkvCM1QQSMqAVyADBvGtRsY1VqG73aFZCErgE','PATIENT','2025-10-24 23:19:01','2025-10-24 23:19:01'),(75,'mgarcia@clinic.com','$argon2id$v=19$m=65536,t=3,p=4$EFik/G+3gt5FCnjPquCXhg$iS/EQGxMK4gPOduhVSmjdI1YWqlfBjYjyFpj9JxdavA','PATIENT','2025-10-24 23:19:01','2025-10-24 23:19:01'),(76,'rflores@clinic.com','$argon2id$v=19$m=65536,t=3,p=4$OK65mFTAc/+kknDA70k+wQ$BEMt69Z9hTWog0xktVykYRBnOjxLJWZh7r+JRxGc50w','PATIENT','2025-10-24 23:19:01','2025-10-24 23:19:01'),(77,'mvillarreal@clinic.com','$argon2id$v=19$m=65536,t=3,p=4$r3/xxbvZfz+c/WKIfHHw5w$NAVggKgz7Ol0VCkq39uI4XjahRl6D8FeDBzVx31XH8Q','PATIENT','2025-10-24 23:19:01','2025-10-24 23:19:01'),(78,'tzimmerman2@clinic.com','$argon2id$v=19$m=65536,t=3,p=4$FPPIJW8HxOBoVrsm2enpdA$ck0A7Uw8pcERL0KpD0ujs+PZdHaa4z80wgmYABtzf7Y','PATIENT','2025-10-24 23:19:01','2025-10-24 23:19:01'),(79,'cbrewer@clinic.com','$argon2id$v=19$m=65536,t=3,p=4$A5OmwSDUii9moSy0fYFIFA$qZtV69nLF0rV85gi5rvH5Zw/G7p5viM7CJoZRze68Uw','PATIENT','2025-10-24 23:19:01','2025-10-24 23:19:01'),(80,'jlopez@clinic.com','$argon2id$v=19$m=65536,t=3,p=4$U1jX0+HotsEy3v8V68uqkw$sWLIsEmvvJaQECvCt+Eybyj4e2Z1TY+b9LpjYaDcDCU','PATIENT','2025-10-24 23:19:01','2025-10-24 23:19:01'),(81,'arobinson@clinic.com','$argon2id$v=19$m=65536,t=3,p=4$WiQgOvmjNdVkbLIFMM+jLQ$kh4V2aeiMSp6e+HYK8yYfo6tQl9UAbk9j791P7/KijU','PATIENT','2025-10-24 23:19:01','2025-10-24 23:19:01'),(82,'dhoffman@clinic.com','$argon2id$v=19$m=65536,t=3,p=4$tB4yv0fhmMR4RRdIEGNpHg$16HuFodozO9PznvDT5FUSSUvSv7kaZvXI72UtcgIPWg','PATIENT','2025-10-24 23:19:01','2025-10-24 23:19:01'),(83,'sfoster@clinic.com','$argon2id$v=19$m=65536,t=3,p=4$/Y1wkfc7yPQM1O5RmTqCHg$FJThswuVtXqFViF3FfDyIClFNCYKMZDamiJxVFdTD5I','PATIENT','2025-10-24 23:19:01','2025-10-24 23:19:01'),(84,'tford@clinic.com','$argon2id$v=19$m=65536,t=3,p=4$Sgj/9kuVWjpb5e92ehSdFw$rOcH7z2gKmtKNnsZcMlSBLK2stPSS7udFXWwbgu+Nno','PATIENT','2025-10-24 23:19:01','2025-10-24 23:19:01'),(85,'sgamble@clinic.com','$argon2id$v=19$m=65536,t=3,p=4$KRVkcEEuD5BrgOsE0Rv+Rw$i/GtMx7YIrnmtKpvWCH/VNIhIVXS8ZoJ0+o2WItePC4','PATIENT','2025-10-24 23:19:01','2025-10-24 23:19:01'),(86,'jmoore@clinic.com','$argon2id$v=19$m=65536,t=3,p=4$egJbt2SHROajHz87aonC0A$44j0ewCcXOkini8D+fgRl2pplvFN0elq06gD1DuUGBM','PATIENT','2025-10-24 23:19:01','2025-10-24 23:19:01'),(87,'jmccall@clinic.com','$argon2id$v=19$m=65536,t=3,p=4$3EMajtft54sVmuwkZ2HTLQ$7kQDrmN0oZwtcaU0qMPov0yn0J38ZglOV8wUHV6W54k','PATIENT','2025-10-24 23:19:01','2025-10-24 23:19:01'),(88,'ameza@clinic.com','$argon2id$v=19$m=65536,t=3,p=4$AOf0Y0CInum6fY3iJo3pgA$neKz9UAd2/IfkpaVspw87DwOSCsICjKpM1zKQCBJU08','PATIENT','2025-10-24 23:19:01','2025-10-24 23:19:01'),(89,'jburton@clinic.com','$argon2id$v=19$m=65536,t=3,p=4$z60jpX4kQT21jCv+w8DkVg$tLMN5WW43EA0NXH+VnWwyg2wQN4XHcnkfUCl1s9m06s','PATIENT','2025-10-24 23:19:01','2025-10-24 23:19:01'),(90,'mromero@clinic.com','$argon2id$v=19$m=65536,t=3,p=4$w3FbTRgh5lRPBu5Fn0+saA$ke9xCdo0J9nqx34DaK5MvRWA6FPr2dcdXpYT+PEC05E','PATIENT','2025-10-24 23:19:01','2025-10-24 23:19:01'),(91,'mvaughn@clinic.com','$argon2id$v=19$m=65536,t=3,p=4$V4F1UzAWccFjozWfrbzMWA$TB9g9TPP4bEkSkK+veLsvkYBy/t5qXcn1LoK0MxyWIY','PATIENT','2025-10-24 23:19:01','2025-10-24 23:19:01'),(92,'bferguson@clinic.com','$argon2id$v=19$m=65536,t=3,p=4$BvC6m13wQd0TD1YaR0KY6g$1gGL1CuOigchXpjWBThvg0vD0QegDFCfLb28Hz1XNtU','PATIENT','2025-10-24 23:19:01','2025-10-24 23:19:01'),(93,'ewatson@clinic.com','$argon2id$v=19$m=65536,t=3,p=4$ePsIy5QZeXA6z73MT75C1Q$zGL4npF9YY6AIGC9GJmYvC31wCX74+DenOFMGVF2l/M','PATIENT','2025-10-24 23:19:01','2025-10-24 23:19:01'),(94,'dgould@clinic.com','$argon2id$v=19$m=65536,t=3,p=4$5VtpZNo2ZWimRreXSAtIhA$NGAaMh1KsytklME5jXPS25W9YrjUDNdb3cldBVGxmVs','PATIENT','2025-10-24 23:19:01','2025-10-24 23:19:01'),(95,'cgonzalez@clinic.com','$argon2id$v=19$m=65536,t=3,p=4$PmzHUVyyei8Rfda4VuYMPw$D06ckFh5K+87qkmGPf3abZli/tR3v2ou4Pnl5ImTqNA','PATIENT','2025-10-24 23:19:01','2025-10-24 23:19:01'),(96,'jsoto@clinic.com','$argon2id$v=19$m=65536,t=3,p=4$+a3w0EI5pFBvo0h/ODozrg$SMl7x2to/tD6is2nWtzho/fgSOyC72sKXOFqrcWj2NE','PATIENT','2025-10-24 23:19:01','2025-10-24 23:19:01'),(97,'ksmith@clinic.com','$argon2id$v=19$m=65536,t=3,p=4$G6D2blmRWAw4IPr2rnPQeA$lwGNqes+1V6yN2UCEUzSjL2EnbBuFbcdNUKqGuC02mk','PATIENT','2025-10-24 23:19:01','2025-10-24 23:19:01'),(98,'jmeyer@clinic.com','$argon2id$v=19$m=65536,t=3,p=4$6K5ouIs1bKiycNjPqFnXCQ$wqIOZ5RgjtK4Rb6bCgXQtOyX2lj6oTYEdY9mAcWTp6M','PATIENT','2025-10-24 23:19:01','2025-10-24 23:19:01'),(99,'nhancock@clinic.com','$argon2id$v=19$m=65536,t=3,p=4$OV/9DDovTM6HcyGzukrBLA$AQGWPtbmoJvAg8mkaSNlbFaTKzv3xKgPtPeq907iZ7g','PATIENT','2025-10-24 23:19:01','2025-10-24 23:19:01'),(100,'kdavenport@clinic.com','$argon2id$v=19$m=65536,t=3,p=4$2Ihomxv12T814doojzxKvQ$1juffmtQzHjtUd06mPvBU3yQ2FG8Afo1PFeXm9RXwB4','PATIENT','2025-10-24 23:19:01','2025-10-24 23:19:01'),(2,'drsmith@example.com','$argon2id$v=19$m=65536,t=3,p=4$7+RuM4zyPEQIBJjKxPZBNQ$QAGl366vd6K/t0Bg56Sj3ri6HYixs/vWXxI92u9JDCk','DOCTOR','2025-10-22 19:00:17','2025-10-22 19:00:17'),(3,'jrussell@clinic.com','$argon2id$v=19$m=65536,t=3,p=4$p10JisE3Onl/BkwnkFc4Hg$PiaM/gRuxmL+hh14HIFk073zXvg90NSAoXUV5MdDTPM','DOCTOR','2025-10-24 23:19:01','2025-10-24 23:19:01'),(4,'bcarter@clinic.com','$argon2id$v=19$m=65536,t=3,p=4$CaO9vFZbPfzLSkvq77Ghww$9jeky0T/ylIUqq6qyWRtTohPN+Rpd1oaZlloPfkZkck','DOCTOR','2025-10-24 23:19:01','2025-10-24 23:19:01'),(5,'aschmidt@clinic.com','$argon2id$v=19$m=65536,t=3,p=4$+e3EoBIPA0+lmamLa6xN4w$IechvRXdkTCwS+frWTa8og0e06qZNToOr4wrtQ9KoB4','DOCTOR','2025-10-24 23:19:01','2025-10-24 23:19:01'),(6,'rrobinson@clinic.com','$argon2id$v=19$m=65536,t=3,p=4$WRyki7C6o8+a9Jwor2BIOg$43dkn0+54+kaY97dLvjb5JpIPJFd0+Csde7T/xDcHpw','DOCTOR','2025-10-24 23:19:01','2025-10-24 23:19:01'),(7,'pjones@clinic.com','$argon2id$v=19$m=65536,t=3,p=4$aNUYhxwbKa6BDpxYUHHn1A$+oBF4mcviMcWtZoOalT/UEc+cs04n1qayNKUwzo2QUY','DOCTOR','2025-10-24 23:19:01','2025-10-24 23:19:01'),(8,'goconnor@clinic.com','$argon2id$v=19$m=65536,t=3,p=4$UhQqDXKgh7Q2Fsawrkch7g$CEXE5UZT1NbMrB7qIoomw4RFR5zaLpZtM20lRcP/kpw','DOCTOR','2025-10-24 23:19:01','2025-10-24 23:19:01'),(9,'tdavis2@clinic.com','$argon2id$v=19$m=65536,t=3,p=4$maEMwivdOCnLo7e6hStUOw$7zTl/Lu5H01hAQL/vyEFle5xn0awGD+8babsPNYL6eg','DOCTOR','2025-10-24 23:19:01','2025-10-24 23:19:01'),(10,'awilliams@clinic.com','$argon2id$v=19$m=65536,t=3,p=4$NbcJtK1bTpgaDeLsadudHw$98KAVST1djcLDovF/rrDwS8s4uquVs3LV+02KC7uD0k','DOCTOR','2025-10-24 23:19:01','2025-10-24 23:19:01'),(11,'dzimmerman@clinic.com','$argon2id$v=19$m=65536,t=3,p=4$7MAI3wru+GQx3ZZLicVdQQ$UbgoJEvBcddFA1yXUZgHcvInA31kJk4UNTYwXvDQiMs','DOCTOR','2025-10-24 23:19:01','2025-10-24 23:19:01'),(8,'jane@example.com','$argon2id$v=19$m=65536,t=3,p=4$D1b8XC32dd+NISOUa7W0mw$/kAD9TwsK8m3wzOXlqphh+Muzn3CJPaOQbf4rV2TLEY','STAFF','2025-10-24 18:21:19','2025-10-24 18:21:19');
/*!40000 ALTER TABLE `login` ENABLE KEYS */;
UNLOCK TABLES;

--
-- Table structure for table `lookup_gender`
--

DROP TABLE IF EXISTS `lookup_gender`;
/*!40101 SET @saved_cs_client     = @@character_set_client */;
/*!50503 SET character_set_client = utf8mb4 */;
CREATE TABLE `lookup_gender` (
  `gender_id` int NOT NULL AUTO_INCREMENT,
  `gender_label` varchar(20) DEFAULT NULL,
  PRIMARY KEY (`gender_id`)
) ENGINE=InnoDB AUTO_INCREMENT=4 DEFAULT CHARSET=utf8mb4 COLLATE=utf8mb4_0900_ai_ci;
/*!40101 SET character_set_client = @saved_cs_client */;

--
-- Dumping data for table `lookup_gender`
--

LOCK TABLES `lookup_gender` WRITE;
/*!40000 ALTER TABLE `lookup_gender` DISABLE KEYS */;
INSERT INTO `lookup_gender` VALUES (1,'Male'),(2,'Female'),(3,'Other');
/*!40000 ALTER TABLE `lookup_gender` ENABLE KEYS */;
UNLOCK TABLES;

--
-- Table structure for table `lookup_procedures`
--

DROP TABLE IF EXISTS `lookup_procedures`;
/*!40101 SET @saved_cs_client     = @@character_set_client */;
/*!50503 SET character_set_client = utf8mb4 */;
CREATE TABLE `lookup_procedures` (
  `procedure_id` int NOT NULL AUTO_INCREMENT,
  `procedure_label` varchar(20) DEFAULT NULL,
  PRIMARY KEY (`procedure_id`)
) ENGINE=InnoDB DEFAULT CHARSET=utf8mb4 COLLATE=utf8mb4_0900_ai_ci;
/*!40101 SET character_set_client = @saved_cs_client */;

--
-- Dumping data for table `lookup_procedures`
--

LOCK TABLES `lookup_procedures` WRITE;
/*!40000 ALTER TABLE `lookup_procedures` DISABLE KEYS */;
/*!40000 ALTER TABLE `lookup_procedures` ENABLE KEYS */;
UNLOCK TABLES;

--
-- Table structure for table `lookup_race`
--

DROP TABLE IF EXISTS `lookup_race`;
/*!40101 SET @saved_cs_client     = @@character_set_client */;
/*!50503 SET character_set_client = utf8mb4 */;
CREATE TABLE `lookup_race` (
  `race_id` int NOT NULL AUTO_INCREMENT,
  `race_label` varchar(20) DEFAULT NULL,
  PRIMARY KEY (`race_id`)
) ENGINE=InnoDB DEFAULT CHARSET=utf8mb4 COLLATE=utf8mb4_0900_ai_ci;
/*!40101 SET character_set_client = @saved_cs_client */;

--
-- Dumping data for table `lookup_race`
--

LOCK TABLES `lookup_race` WRITE;
/*!40000 ALTER TABLE `lookup_race` DISABLE KEYS */;
/*!40000 ALTER TABLE `lookup_race` ENABLE KEYS */;
UNLOCK TABLES;

--
-- Table structure for table `lookup_relationship`
--

DROP TABLE IF EXISTS `lookup_relationship`;
/*!40101 SET @saved_cs_client     = @@character_set_client */;
/*!50503 SET character_set_client = utf8mb4 */;
CREATE TABLE `lookup_relationship` (
  `relationship_id` int NOT NULL AUTO_INCREMENT,
  `relationship_label` varchar(20) DEFAULT NULL,
  PRIMARY KEY (`relationship_id`)
) ENGINE=InnoDB DEFAULT CHARSET=utf8mb4 COLLATE=utf8mb4_0900_ai_ci;
/*!40101 SET character_set_client = @saved_cs_client */;

--
-- Dumping data for table `lookup_relationship`
--

LOCK TABLES `lookup_relationship` WRITE;
/*!40000 ALTER TABLE `lookup_relationship` DISABLE KEYS */;
/*!40000 ALTER TABLE `lookup_relationship` ENABLE KEYS */;
UNLOCK TABLES;

--
-- Table structure for table `lookup_role`
--

DROP TABLE IF EXISTS `lookup_role`;
/*!40101 SET @saved_cs_client     = @@character_set_client */;
/*!50503 SET character_set_client = utf8mb4 */;
CREATE TABLE `lookup_role` (
  `role_id` int NOT NULL AUTO_INCREMENT,
  `role_label` varchar(10) DEFAULT NULL,
  PRIMARY KEY (`role_id`)
) ENGINE=InnoDB AUTO_INCREMENT=4 DEFAULT CHARSET=utf8mb4 COLLATE=utf8mb4_0900_ai_ci;
/*!40101 SET character_set_client = @saved_cs_client */;

--
-- Dumping data for table `lookup_role`
--

LOCK TABLES `lookup_role` WRITE;
/*!40000 ALTER TABLE `lookup_role` DISABLE KEYS */;
INSERT INTO `lookup_role` VALUES (1,'patient'),(2,'doctor'),(3,'staff');
/*!40000 ALTER TABLE `lookup_role` ENABLE KEYS */;
UNLOCK TABLES;

--
-- Table structure for table `lookup_status`
--

DROP TABLE IF EXISTS `lookup_status`;
/*!40101 SET @saved_cs_client     = @@character_set_client */;
/*!50503 SET character_set_client = utf8mb4 */;
CREATE TABLE `lookup_status` (
  `status_id` int NOT NULL AUTO_INCREMENT,
  `status_label` varchar(20) DEFAULT NULL,
  PRIMARY KEY (`status_id`)
) ENGINE=InnoDB DEFAULT CHARSET=utf8mb4 COLLATE=utf8mb4_0900_ai_ci;
/*!40101 SET character_set_client = @saved_cs_client */;

--
-- Dumping data for table `lookup_status`
--

LOCK TABLES `lookup_status` WRITE;
/*!40000 ALTER TABLE `lookup_status` DISABLE KEYS */;
/*!40000 ALTER TABLE `lookup_status` ENABLE KEYS */;
UNLOCK TABLES;

--
-- Table structure for table `medical_history`
--

DROP TABLE IF EXISTS `medical_history`;
/*!40101 SET @saved_cs_client     = @@character_set_client */;
/*!50503 SET character_set_client = utf8mb4 */;
CREATE TABLE `medical_history` (
  `history_id` int NOT NULL AUTO_INCREMENT,
  `patient_id` int NOT NULL,
  `condition_name` varchar(255) DEFAULT NULL,
  `description` text,
  `diagnosis_date` date DEFAULT NULL,
  `resolved_date` date DEFAULT NULL,
  `status` varchar(50) DEFAULT NULL,
  `created_at` datetime DEFAULT NULL,
  `created_by` int DEFAULT NULL,
  `allergies` text,
  `medication` text,
  PRIMARY KEY (`history_id`),
  KEY `history_patient` (`patient_id`),
  KEY `history_staff` (`created_by`),
  CONSTRAINT `history_patient` FOREIGN KEY (`patient_id`) REFERENCES `patient` (`patient_id`) ON DELETE CASCADE,
  CONSTRAINT `history_staff` FOREIGN KEY (`created_by`) REFERENCES `staff` (`staff_id`) ON DELETE SET NULL
) ENGINE=InnoDB DEFAULT CHARSET=utf8mb4 COLLATE=utf8mb4_0900_ai_ci;
/*!40101 SET character_set_client = @saved_cs_client */;

--
-- Dumping data for table `medical_history`
--

LOCK TABLES `medical_history` WRITE;
/*!40000 ALTER TABLE `medical_history` DISABLE KEYS */;
/*!40000 ALTER TABLE `medical_history` ENABLE KEYS */;
UNLOCK TABLES;

--
-- Table structure for table `medication`
--

DROP TABLE IF EXISTS `medication`;
/*!40101 SET @saved_cs_client     = @@character_set_client */;
/*!50503 SET character_set_client = utf8mb4 */;
CREATE TABLE `medication` (
  `medication_id` int NOT NULL AUTO_INCREMENT,
  `name` varchar(255) NOT NULL,
  `rxnorm_code` varchar(50) DEFAULT NULL,
  `description` text,
  `patient_id` int DEFAULT NULL,
  PRIMARY KEY (`medication_id`),
  KEY `med_patient` (`patient_id`),
  CONSTRAINT `med_patient` FOREIGN KEY (`patient_id`) REFERENCES `patient` (`patient_id`) ON DELETE CASCADE
) ENGINE=InnoDB DEFAULT CHARSET=utf8mb4 COLLATE=utf8mb4_0900_ai_ci;
/*!40101 SET character_set_client = @saved_cs_client */;

--
-- Dumping data for table `medication`
--

LOCK TABLES `medication` WRITE;
/*!40000 ALTER TABLE `medication` DISABLE KEYS */;
/*!40000 ALTER TABLE `medication` ENABLE KEYS */;
UNLOCK TABLES;

--
-- Table structure for table `office`
--

DROP TABLE IF EXISTS `office`;
/*!40101 SET @saved_cs_client     = @@character_set_client */;
/*!50503 SET character_set_client = utf8mb4 */;
CREATE TABLE `office` (
  `office_id` int NOT NULL AUTO_INCREMENT,
  `name` varchar(255) DEFAULT NULL,
  `address_id` int DEFAULT NULL,
  `phone` varchar(255) DEFAULT NULL,
  `created_at` datetime DEFAULT NULL,
  `created_by` int DEFAULT NULL,
  PRIMARY KEY (`office_id`),
  KEY `created_by` (`created_by`),
  KEY `office_address` (`address_id`),
  CONSTRAINT `office_address` FOREIGN KEY (`address_id`) REFERENCES `address` (`address_id`) ON DELETE CASCADE ON UPDATE CASCADE
) ENGINE=InnoDB AUTO_INCREMENT=3 DEFAULT CHARSET=utf8mb4 COLLATE=utf8mb4_0900_ai_ci;
/*!40101 SET character_set_client = @saved_cs_client */;

--
-- Dumping data for table `office`
--

LOCK TABLES `office` WRITE;
/*!40000 ALTER TABLE `office` DISABLE KEYS */;
INSERT INTO `office` VALUES (1,'test depo',1,'999-999-9999','2025-10-23 10:00:00',1);
/*!40000 ALTER TABLE `office` ENABLE KEYS */;
UNLOCK TABLES;

--
-- Table structure for table `patient`
--

DROP TABLE IF EXISTS `patient`;
/*!40101 SET @saved_cs_client     = @@character_set_client */;
/*!50503 SET character_set_client = utf8mb4 */;
CREATE TABLE `patient` (
  `patient_id` int NOT NULL AUTO_INCREMENT,
  `patient_fname` varchar(255) DEFAULT NULL,
  `patient_lname` varchar(255) DEFAULT NULL,
  `dob` date DEFAULT NULL,
  `gender` int DEFAULT NULL,
  `phone` varchar(255) DEFAULT NULL,
  `address_id` int DEFAULT NULL,
  `balance` decimal(10,2) DEFAULT NULL,
  `created_at` datetime DEFAULT NULL,
  `created_by` int DEFAULT NULL,
  `med_id` int DEFAULT NULL,
  `patient_minit` varchar(1) DEFAULT NULL,
  `patient_email` varchar(254) DEFAULT NULL,
  `prim_doctor` int DEFAULT NULL,
  PRIMARY KEY (`patient_id`),
  KEY `address_id` (`address_id`),
  KEY `created_by` (`created_by`),
  KEY `patient_pdoctor` (`prim_doctor`),
  KEY `patient_gender` (`gender`),
  KEY `patient_medication` (`med_id`),
  CONSTRAINT `patient_gender` FOREIGN KEY (`gender`) REFERENCES `lookup_gender` (`gender_id`) ON DELETE SET NULL ON UPDATE CASCADE,
  CONSTRAINT `patient_ibfk_1` FOREIGN KEY (`address_id`) REFERENCES `address` (`address_id`),
  CONSTRAINT `patient_ibfk_2` FOREIGN KEY (`created_by`) REFERENCES `staff` (`staff_id`),
  CONSTRAINT `patient_medication` FOREIGN KEY (`med_id`) REFERENCES `medication` (`medication_id`) ON DELETE SET NULL ON UPDATE CASCADE,
  CONSTRAINT `patient_pdoctor` FOREIGN KEY (`prim_doctor`) REFERENCES `doctor` (`doctor_id`),
  CONSTRAINT `patient_chk_1` CHECK ((`patient_email` like _utf8mb4'%_@__%.__%'))
) ENGINE=InnoDB AUTO_INCREMENT=101 DEFAULT CHARSET=utf8mb4 COLLATE=utf8mb4_0900_ai_ci;
/*!40101 SET character_set_client = @saved_cs_client */;

--
-- Dumping data for table `patient`
--

LOCK TABLES `patient` WRITE;
/*!40000 ALTER TABLE `patient` DISABLE KEYS */;
INSERT INTO `patient` VALUES (1,'John','Doe',NULL,NULL,NULL,NULL,0.00,'2025-10-22 18:56:57',NULL,NULL,NULL,'john@example.com',NULL),(2,'Michelle','Silva','1980-04-07',3,'5558129046',NULL,0.17,'2025-10-21 18:18:51',NULL,NULL,'B','msilva@clinic.com',NULL),(3,'Sheila','Young','1980-07-13',3,'5552976450',NULL,0.34,'2025-10-20 18:18:51',NULL,NULL,'C','syoung@clinic.com',NULL),(4,'Jacob','Braun','1980-10-18',1,'5558390464',NULL,0.51,'2025-10-19 18:18:51',NULL,NULL,'D','patient3@example.com',NULL),(5,'Andrew','Dunlap','1981-01-23',3,'5550333581',NULL,0.68,'2025-10-20 18:18:51',NULL,NULL,'E','patient4@example.com',NULL),(6,'Autumn','Goodwin','1981-04-30',3,'5555032991',NULL,0.85,'2025-10-23 18:18:51',NULL,NULL,'F','patient5@example.com',NULL),(7,'James','Hernandez','1981-08-05',1,'5551143412',NULL,1.02,'2025-10-14 18:18:51',NULL,NULL,'G','patient6@example.com',NULL),(8,'Ryan','Hernandez','1981-11-10',1,'5557129381',NULL,1.19,'2025-10-24 18:18:51',NULL,NULL,'H','patient7@example.com',NULL),(9,'Desiree','Miranda','1982-02-15',1,'5558151815',NULL,1.36,'2025-10-16 18:18:51',NULL,NULL,'I','patient8@example.com',NULL),(10,'Christopher','Ayers','1982-05-23',3,'5550385650',NULL,1.53,'2025-10-17 18:18:51',NULL,NULL,'J','patient9@example.com',NULL),(11,'Keith','Miller','1982-08-28',3,'5556209956',NULL,1.70,'2025-10-15 18:18:51',NULL,NULL,'K','patient10@example.com',NULL),(12,'Jimmy','Glenn','1982-12-03',2,'5555640301',NULL,1.87,'2025-10-22 18:18:51',NULL,NULL,'L','patient11@example.com',NULL),(13,'Michael','Richardson','1983-03-10',2,'5550662658',NULL,2.04,'2025-10-14 18:18:51',NULL,NULL,'M','patient12@example.com',NULL),(14,'James','Parsons','1983-06-15',3,'5554273286',NULL,2.21,'2025-10-24 18:18:51',NULL,NULL,'N','patient13@example.com',NULL),(15,'Scott','Davis','1983-09-20',1,'5554329098',NULL,2.38,'2025-10-23 18:18:51',NULL,NULL,'O','patient14@example.com',NULL),(16,'Seth','Brown','1983-12-26',3,'5556263044',NULL,2.55,'2025-10-17 18:18:51',NULL,NULL,'P','patient15@example.com',NULL),(17,'Zachary','Nolan','1984-04-01',1,'5550175249',NULL,2.72,'2025-10-15 18:18:51',NULL,NULL,'Q','patient16@example.com',NULL),(18,'Keith','Farmer','1984-07-07',NULL,'5552997094',NULL,2.89,'2025-10-20 18:18:51',NULL,NULL,'R','patient17@example.com',NULL),(19,'Suzanne','Davis','1984-10-12',NULL,'5551073149',NULL,3.06,'2025-10-17 18:18:51',NULL,NULL,'S','patient18@example.com',NULL),(20,'Todd','Zimmerman','1985-01-17',3,'5550224893',NULL,3.23,'2025-10-17 18:18:51',NULL,NULL,'T','patient19@example.com',NULL),(21,'Darryl','Banks','1985-04-24',3,'5554548259',NULL,3.40,'2025-10-16 18:18:51',NULL,NULL,'U','patient20@example.com',NULL),(22,'Sean','Bennett','1985-07-30',NULL,'5558086365',NULL,3.57,'2025-10-19 18:18:51',NULL,NULL,'V','patient21@example.com',NULL),(23,'Crystal','Mcclain','1985-11-04',NULL,'5555286606',NULL,3.74,'2025-10-20 18:18:51',NULL,NULL,'W','patient22@example.com',NULL),(24,'Elizabeth','Gonzalez','1986-02-09',2,'5553317998',NULL,3.91,'2025-10-20 18:18:51',NULL,NULL,'X','patient23@example.com',NULL),(25,'Cameron','Mathis','1986-05-17',NULL,'5559514494',NULL,4.08,'2025-10-19 18:18:51',NULL,NULL,'Y','patient24@example.com',NULL),(26,'Cory','Williams','1986-08-22',2,'5551972876',NULL,4.25,'2025-10-24 18:18:51',NULL,NULL,'Z','patient25@example.com',NULL),(27,'Jeffrey','Parker','1986-11-27',NULL,'5557041271',NULL,4.42,'2025-10-22 18:18:51',NULL,NULL,'A','patient26@example.com',NULL),(28,'Chase','Clark','1987-03-04',NULL,'5550479209',NULL,4.59,'2025-10-21 18:18:51',NULL,NULL,'B','patient27@example.com',NULL),(29,'John','Booth','1987-06-09',NULL,'5556141212',NULL,4.76,'2025-10-16 18:18:51',NULL,NULL,'C','patient28@example.com',NULL),(30,'Tony','Davis','1987-09-14',1,'5556913313',NULL,4.93,'2025-10-21 18:18:51',NULL,NULL,'D','patient29@example.com',NULL),(31,'Joseph','Mack','1987-12-20',1,'5555096412',NULL,5.10,'2025-10-14 18:18:51',NULL,NULL,'E','patient30@example.com',NULL),(32,'Edward','Salazar','1988-03-26',NULL,'5559492041',NULL,5.27,'2025-10-18 18:18:51',NULL,NULL,'F','patient31@example.com',NULL),(33,'Mary','Miller','1988-07-01',NULL,'5556728707',NULL,5.44,'2025-10-20 18:18:51',NULL,NULL,'G','patient32@example.com',NULL),(34,'Jessica','Melendez','1988-10-06',1,'5556197743',NULL,5.61,'2025-10-17 18:18:51',NULL,NULL,'H','patient33@example.com',NULL),(35,'Carlos','Stephens','1989-01-11',3,'5557206456',NULL,5.78,'2025-10-23 18:18:51',NULL,NULL,'I','patient34@example.com',NULL),(36,'David','Williams','1989-04-18',3,'5558344532',NULL,5.95,'2025-10-14 18:18:51',NULL,NULL,'J','patient35@example.com',NULL),(37,'Michael','Mcdonald','1989-07-24',NULL,'5557462330',NULL,6.12,'2025-10-24 18:18:51',NULL,NULL,'K','patient36@example.com',NULL),(38,'Desiree','Nguyen','1989-10-29',2,'5550068101',NULL,6.29,'2025-10-17 18:18:51',NULL,NULL,'L','patient37@example.com',NULL),(39,'Brett','Sullivan','1990-02-03',NULL,'5551814446',NULL,6.46,'2025-10-21 18:18:51',NULL,NULL,'M','patient38@example.com',NULL),(40,'Kenneth','Odonnell','1990-05-11',2,'5559242286',NULL,6.63,'2025-10-22 18:18:51',NULL,NULL,'N','patient39@example.com',NULL),(41,'Richard','Graves','1990-08-16',NULL,'5558030088',NULL,6.80,'2025-10-16 18:18:51',NULL,NULL,'O','patient40@example.com',NULL),(42,'Kyle','Benson','1990-11-21',2,'5559704109',NULL,6.97,'2025-10-16 18:18:51',NULL,NULL,'P','patient41@example.com',NULL),(43,'Anna','Fisher','1991-02-26',2,'5550207483',NULL,7.14,'2025-10-14 18:18:51',NULL,NULL,'Q','patient42@example.com',NULL),(44,'John','Garcia','1991-06-03',NULL,'5550138369',NULL,7.31,'2025-10-15 18:18:51',NULL,NULL,'R','patient43@example.com',NULL),(45,'Natalie','Gordon','1991-09-08',3,'5557346509',NULL,7.48,'2025-10-20 18:18:51',NULL,NULL,'S','patient44@example.com',NULL),(46,'Amanda','Banks','1991-12-14',2,'5555129913',NULL,7.65,'2025-10-17 18:18:51',NULL,NULL,'T','patient45@example.com',NULL),(47,'Matthew','Baker','1992-03-20',2,'5550051637',NULL,7.82,'2025-10-20 18:18:51',NULL,NULL,'U','patient46@example.com',NULL),(48,'Joel','Gutierrez','1992-06-25',1,'5555766733',NULL,7.99,'2025-10-22 18:18:51',NULL,NULL,'V','patient47@example.com',NULL),(49,'James','Valencia','1992-09-30',NULL,'5554368058',NULL,8.16,'2025-10-24 18:18:51',NULL,NULL,'W','patient48@example.com',NULL),(50,'Danny','Robles','1993-01-05',1,'5557270150',NULL,8.33,'2025-10-15 18:18:51',NULL,NULL,'X','patient49@example.com',NULL),(51,'Sarah','Young','1993-04-12',2,'5556186135',NULL,8.50,'2025-10-22 18:18:51',NULL,NULL,'Y','patient50@example.com',NULL),(52,'Barbara','Fletcher','1993-07-18',1,'5558435457',NULL,8.67,'2025-10-18 18:18:51',NULL,NULL,'Z','patient51@example.com',NULL),(53,'Kristopher','Brown','1993-10-23',1,'5552285310',NULL,8.84,'2025-10-15 18:18:51',NULL,NULL,'A','patient52@example.com',NULL),(54,'John','Maldonado','1994-01-28',1,'5553348185',NULL,9.01,'2025-10-22 18:18:51',NULL,NULL,'B','patient53@example.com',NULL),(55,'Sean','Gonzalez','1994-05-05',3,'5553929997',NULL,9.18,'2025-10-20 18:18:51',NULL,NULL,'C','patient54@example.com',NULL),(56,'Cristian','Johnson','1994-08-10',2,'5559197670',NULL,9.35,'2025-10-18 18:18:51',NULL,NULL,'D','patient55@example.com',NULL),(57,'Edward','Cummings','1994-11-15',1,'5558795699',NULL,9.52,'2025-10-17 18:18:51',NULL,NULL,'E','patient56@example.com',NULL),(58,'Susan','Taylor','1995-02-20',3,'5554251653',NULL,9.69,'2025-10-17 18:18:51',NULL,NULL,'F','patient57@example.com',NULL),(59,'Kevin','Perez','1995-05-28',2,'5556405141',NULL,9.86,'2025-10-22 18:18:51',NULL,NULL,'G','patient58@example.com',NULL),(60,'Shawna','Martinez','1995-09-02',2,'5553451828',NULL,10.03,'2025-10-24 18:18:51',NULL,NULL,'H','patient59@example.com',NULL),(61,'John','Miles','1995-12-08',2,'5559508621',NULL,10.20,'2025-10-22 18:18:51',NULL,NULL,'I','patient60@example.com',NULL),(62,'Todd','Thomas','1996-03-14',2,'5551270404',NULL,10.37,'2025-10-21 18:18:51',NULL,NULL,'J','patient61@example.com',NULL),(63,'Kathryn','Murphy','1996-06-19',1,'5550336597',NULL,10.54,'2025-10-16 18:18:51',NULL,NULL,'K','patient62@example.com',NULL),(64,'Suzanne','Lopez','1996-09-24',1,'5554149527',NULL,10.71,'2025-10-23 18:18:51',NULL,NULL,'L','patient63@example.com',NULL),(65,'David','Wilson','1996-12-30',3,'5553093665',NULL,10.88,'2025-10-20 18:18:51',NULL,NULL,'M','patient64@example.com',NULL),(66,'Willie','Lane','1997-04-06',1,'5552774786',NULL,11.05,'2025-10-20 18:18:51',NULL,NULL,'N','patient65@example.com',NULL),(67,'Katelyn','Elliott','1997-07-12',2,'5550861236',NULL,11.22,'2025-10-19 18:18:51',NULL,NULL,'O','patient66@example.com',NULL),(68,'Erica','Gomez','1997-10-17',1,'5554758520',NULL,11.39,'2025-10-16 18:18:51',NULL,NULL,'P','patient67@example.com',NULL),(69,'Erika','Cooper','1998-01-22',2,'5556757606',NULL,11.56,'2025-10-24 18:18:51',NULL,NULL,'Q','patient68@example.com',NULL),(70,'Melissa','Dean','1998-04-29',1,'5559147196',NULL,11.73,'2025-10-24 18:18:51',NULL,NULL,'R','patient69@example.com',NULL),(71,'Jennifer','Wu','1998-08-04',NULL,'5559856886',NULL,11.90,'2025-10-21 18:18:51',NULL,NULL,'S','patient70@example.com',NULL),(72,'Chase','Phelps','1998-11-09',1,'5558535105',NULL,12.07,'2025-10-16 18:18:51',NULL,NULL,'T','patient71@example.com',NULL),(73,'Sharon','Stevens','1999-02-14',1,'5552737488',NULL,12.24,'2025-10-14 18:18:51',NULL,NULL,'U','patient72@example.com',NULL),(74,'Andrew','Dickerson','1999-05-22',3,'5554584671',NULL,12.41,'2025-10-19 18:18:51',NULL,NULL,'V','patient73@example.com',NULL),(75,'Michelle','Garcia','1999-08-27',NULL,'5554532368',NULL,12.58,'2025-10-20 18:18:51',NULL,NULL,'W','patient74@example.com',NULL),(76,'Ronald','Flores','1999-12-02',1,'5555155974',NULL,12.75,'2025-10-21 18:18:51',NULL,NULL,'X','patient75@example.com',NULL),(77,'Michelle','Villarreal','2000-03-08',NULL,'5551882948',NULL,12.92,'2025-10-14 18:18:51',NULL,NULL,'Y','patient76@example.com',NULL),(78,'Trevor','Zimmerman','2000-06-13',2,'5559003603',NULL,13.09,'2025-10-21 18:18:51',NULL,NULL,'Z','patient77@example.com',NULL),(79,'Cynthia','Brewer','2000-09-18',2,'5553560571',NULL,13.26,'2025-10-18 18:18:51',NULL,NULL,'A','patient78@example.com',NULL),(80,'Jessica','Lopez','2000-12-24',1,'5552306412',NULL,13.43,'2025-10-17 18:18:51',NULL,NULL,'B','patient79@example.com',NULL),(81,'Adam','Robinson','2001-03-31',NULL,'5554892667',NULL,13.60,'2025-10-15 18:18:51',NULL,NULL,'C','patient80@example.com',NULL),(82,'Donna','Hoffman','2001-07-06',3,'5552520479',NULL,13.77,'2025-10-19 18:18:51',NULL,NULL,'D','patient81@example.com',NULL),(83,'Sara','Foster','2001-10-11',2,'5554039086',NULL,13.94,'2025-10-20 18:18:51',NULL,NULL,'E','patient82@example.com',NULL),(84,'Thomas','Ford','2002-01-16',1,'5559953884',NULL,14.11,'2025-10-22 18:18:51',NULL,NULL,'F','patient83@example.com',NULL),(85,'Steven','Gamble','2002-04-23',3,'5556669423',NULL,14.28,'2025-10-24 18:18:51',NULL,NULL,'G','patient84@example.com',NULL),(86,'Javier','Moore','2002-07-29',2,'5551530121',NULL,14.45,'2025-10-16 18:18:51',NULL,NULL,'H','patient85@example.com',NULL),(87,'John','Mccall','2002-11-03',NULL,'5559492421',NULL,14.62,'2025-10-14 18:18:51',NULL,NULL,'I','patient86@example.com',NULL),(88,'April','Meza','2003-02-08',2,'5557539317',NULL,14.79,'2025-10-24 18:18:51',NULL,NULL,'J','patient87@example.com',NULL),(89,'Joseph','Burton','2003-05-16',3,'5553460360',NULL,14.96,'2025-10-18 18:18:51',NULL,NULL,'K','patient88@example.com',NULL),(90,'Margaret','Romero','2003-08-21',NULL,'5557473500',NULL,15.13,'2025-10-17 18:18:51',NULL,NULL,'L','patient89@example.com',NULL),(91,'Michael','Vaughn','2003-11-26',2,'5555002549',NULL,15.30,'2025-10-15 18:18:51',NULL,NULL,'M','patient90@example.com',NULL),(92,'Barbara','Ferguson','2004-03-02',1,'5556111084',NULL,15.47,'2025-10-18 18:18:51',NULL,NULL,'N','patient91@example.com',NULL),(93,'Eric','Watson','2004-06-07',2,'5554228852',NULL,15.64,'2025-10-24 18:18:51',NULL,NULL,'O','patient92@example.com',NULL),(94,'Donald','Gould','2004-09-12',1,'5557257608',NULL,15.81,'2025-10-20 18:18:51',NULL,NULL,'P','patient93@example.com',NULL),(95,'Cynthia','Gonzalez','2004-12-18',3,'5552376714',NULL,15.98,'2025-10-22 18:18:51',NULL,NULL,'Q','patient94@example.com',NULL),(96,'Jamie','Soto','2005-03-25',3,'5555021137',NULL,16.15,'2025-10-24 18:18:51',NULL,NULL,'R','patient95@example.com',NULL),(97,'Keith','Smith','2005-06-30',NULL,'5550363826',NULL,16.32,'2025-10-24 18:18:51',NULL,NULL,'S','patient96@example.com',NULL),(98,'Jacob','Meyer','2005-10-05',3,'5558830825',NULL,16.49,'2025-10-14 18:18:51',NULL,NULL,'T','patient97@example.com',NULL),(99,'Nathan','Hancock','2006-01-10',1,'5551267545',NULL,16.66,'2025-10-21 18:18:51',NULL,NULL,'U','patient98@example.com',NULL),(100,'Katherine','Davenport','2006-04-17',1,'5552699311',NULL,16.83,'2025-10-20 18:18:51',NULL,NULL,'V','patient99@example.com',NULL);
/*!40000 ALTER TABLE `patient` ENABLE KEYS */;
UNLOCK TABLES;

--
-- Table structure for table `patient_allergy`
--

DROP TABLE IF EXISTS `patient_allergy`;
/*!40101 SET @saved_cs_client     = @@character_set_client */;
/*!50503 SET character_set_client = utf8mb4 */;
CREATE TABLE `patient_allergy` (
  `id` int NOT NULL AUTO_INCREMENT,
  `pat_id` int DEFAULT NULL,
  `alrgy_id` int DEFAULT NULL,
  PRIMARY KEY (`id`),
  KEY `pat_id` (`pat_id`),
  KEY `alrgy_id` (`alrgy_id`),
  CONSTRAINT `patient_allergy_ibfk_1` FOREIGN KEY (`pat_id`) REFERENCES `patient` (`patient_id`),
  CONSTRAINT `patient_allergy_ibfk_2` FOREIGN KEY (`alrgy_id`) REFERENCES `allergies` (`allergy_id`)
) ENGINE=InnoDB DEFAULT CHARSET=utf8mb4 COLLATE=utf8mb4_0900_ai_ci;
/*!40101 SET character_set_client = @saved_cs_client */;

--
-- Dumping data for table `patient_allergy`
--

LOCK TABLES `patient_allergy` WRITE;
/*!40000 ALTER TABLE `patient_allergy` DISABLE KEYS */;
/*!40000 ALTER TABLE `patient_allergy` ENABLE KEYS */;
UNLOCK TABLES;

--
-- Table structure for table `patient_medication`
--

DROP TABLE IF EXISTS `patient_medication`;
/*!40101 SET @saved_cs_client     = @@character_set_client */;
/*!50503 SET character_set_client = utf8mb4 */;
CREATE TABLE `patient_medication` (
  `patient_id` int NOT NULL,
  `med_id` int NOT NULL,
  `start_date` date DEFAULT NULL,
  `end_date` date DEFAULT NULL,
  `dosage` varchar(50) DEFAULT NULL,
  `prescribed_by` int DEFAULT NULL,
  PRIMARY KEY (`patient_id`,`med_id`),
  KEY `patient_medication_ibfk_2` (`med_id`),
  KEY `patient_medication_ibfk_3` (`prescribed_by`),
  CONSTRAINT `patient_medication_ibfk_1` FOREIGN KEY (`patient_id`) REFERENCES `patient` (`patient_id`) ON DELETE CASCADE,
  CONSTRAINT `patient_medication_ibfk_2` FOREIGN KEY (`med_id`) REFERENCES `medication` (`medication_id`) ON DELETE RESTRICT,
  CONSTRAINT `patient_medication_ibfk_3` FOREIGN KEY (`prescribed_by`) REFERENCES `doctor` (`doctor_id`) ON DELETE RESTRICT
) ENGINE=InnoDB DEFAULT CHARSET=utf8mb4 COLLATE=utf8mb4_0900_ai_ci;
/*!40101 SET character_set_client = @saved_cs_client */;

--
-- Dumping data for table `patient_medication`
--

LOCK TABLES `patient_medication` WRITE;
/*!40000 ALTER TABLE `patient_medication` DISABLE KEYS */;
/*!40000 ALTER TABLE `patient_medication` ENABLE KEYS */;
UNLOCK TABLES;

--
-- Table structure for table `procedures`
--

DROP TABLE IF EXISTS `procedures`;
/*!40101 SET @saved_cs_client     = @@character_set_client */;
/*!50503 SET character_set_client = utf8mb4 */;
CREATE TABLE `procedures` (
  `code` varchar(255) NOT NULL,
  `display` varchar(255) DEFAULT NULL,
  PRIMARY KEY (`code`)
) ENGINE=InnoDB DEFAULT CHARSET=utf8mb4 COLLATE=utf8mb4_0900_ai_ci;
/*!40101 SET character_set_client = @saved_cs_client */;

--
-- Dumping data for table `procedures`
--

LOCK TABLES `procedures` WRITE;
/*!40000 ALTER TABLE `procedures` DISABLE KEYS */;
INSERT INTO `procedures` VALUES ('34','Basic procedure'),('36415','Collection of venous blood'),('80050','General health panel'),('90686','Flu vaccine'),('93000','Electrocardiogram'),('99213','Office/outpatient visit, est.');
/*!40000 ALTER TABLE `procedures` ENABLE KEYS */;
UNLOCK TABLES;

--
-- Table structure for table `referral`
--

DROP TABLE IF EXISTS `referral`;
/*!40101 SET @saved_cs_client     = @@character_set_client */;
/*!50503 SET character_set_client = utf8mb4 */;
CREATE TABLE `referral` (
  `Ref_id` int NOT NULL AUTO_INCREMENT,
  `patient_id` int DEFAULT NULL,
  `to_provider_id` int DEFAULT NULL,
  `reason` varchar(255) DEFAULT NULL,
  `created_at` datetime DEFAULT NULL,
  `created_by` int DEFAULT NULL,
  PRIMARY KEY (`Ref_id`),
  KEY `patient_id` (`patient_id`),
  KEY `to_provider_id` (`to_provider_id`),
  KEY `referral_created_by` (`created_by`),
  CONSTRAINT `referral_created_by` FOREIGN KEY (`created_by`) REFERENCES `doctor` (`doctor_id`) ON DELETE RESTRICT ON UPDATE CASCADE,
  CONSTRAINT `referral_ibfk_1` FOREIGN KEY (`patient_id`) REFERENCES `patient` (`patient_id`),
  CONSTRAINT `referral_ibfk_3` FOREIGN KEY (`to_provider_id`) REFERENCES `doctor` (`doctor_id`)
) ENGINE=InnoDB DEFAULT CHARSET=utf8mb4 COLLATE=utf8mb4_0900_ai_ci;
/*!40101 SET character_set_client = @saved_cs_client */;

--
-- Dumping data for table `referral`
--

LOCK TABLES `referral` WRITE;
/*!40000 ALTER TABLE `referral` DISABLE KEYS */;
/*!40000 ALTER TABLE `referral` ENABLE KEYS */;
UNLOCK TABLES;

--
-- Table structure for table `staff`
--

DROP TABLE IF EXISTS `staff`;
/*!40101 SET @saved_cs_client     = @@character_set_client */;
/*!50503 SET character_set_client = utf8mb4 */;
CREATE TABLE `staff` (
  `staff_id` int NOT NULL AUTO_INCREMENT,
  `staff_first_name` varchar(50) DEFAULT NULL,
  `staff_last_name` varchar(50) DEFAULT NULL,
  `role` varchar(50) DEFAULT NULL,
  `email` varchar(100) DEFAULT NULL,
  `phone` varchar(12) DEFAULT NULL,
  `created_at` timestamp NOT NULL DEFAULT CURRENT_TIMESTAMP,
  `ssn` char(9) DEFAULT NULL,
  `office_id` int DEFAULT NULL,
  `staff_minit` char(1) DEFAULT NULL,
  PRIMARY KEY (`staff_id`),
  UNIQUE KEY `ssn` (`ssn`),
  KEY `role` (`role`),
  KEY `fk_staff_office` (`office_id`),
  CONSTRAINT `fk_staff_office` FOREIGN KEY (`office_id`) REFERENCES `office` (`office_id`) ON DELETE SET NULL ON UPDATE CASCADE
) ENGINE=InnoDB AUTO_INCREMENT=9 DEFAULT CHARSET=utf8mb4 COLLATE=utf8mb4_0900_ai_ci;
/*!40101 SET character_set_client = @saved_cs_client */;

--
-- Dumping data for table `staff`
--

LOCK TABLES `staff` WRITE;
/*!40000 ALTER TABLE `staff` DISABLE KEYS */;
INSERT INTO `staff` VALUES (3,'test','Lname','manager','test@email.com','123-123-1234','2025-10-23 10:00:00','123456789',1,'a'),(8,'Jane','Doe','STAFF','jane@example.com','5551234567','2025-10-24 18:21:19','987654321',1,'A');
/*!40000 ALTER TABLE `staff` ENABLE KEYS */;
UNLOCK TABLES;
SET @@SESSION.SQL_LOG_BIN = @MYSQLDUMP_TEMP_LOG_BIN;
/*!40103 SET TIME_ZONE=@OLD_TIME_ZONE */;

/*!40101 SET SQL_MODE=@OLD_SQL_MODE */;
/*!40014 SET FOREIGN_KEY_CHECKS=@OLD_FOREIGN_KEY_CHECKS */;
/*!40014 SET UNIQUE_CHECKS=@OLD_UNIQUE_CHECKS */;
/*!40101 SET CHARACTER_SET_CLIENT=@OLD_CHARACTER_SET_CLIENT */;
/*!40101 SET CHARACTER_SET_RESULTS=@OLD_CHARACTER_SET_RESULTS */;
/*!40101 SET COLLATION_CONNECTION=@OLD_COLLATION_CONNECTION */;
/*!40111 SET SQL_NOTES=@OLD_SQL_NOTES */;

-- Dump completed on 2025-10-27 21:11:01
